applicationNumber,lvPdfProcessedCount,lvPdfGenerationDate,loDashboardProcessedCount,loDashboardProcessingDate,applicationType,processingFee,applicationCount
4000574154,3,8/10/22,1,8/12/22,Home, 191.23 ,1
4000572823,1,8/5/22,0,,Home, 191.23 ,2
4000576080,2,8/15/22,1,8/24/22,Home, 191.23 ,3
4000573889,1,8/10/22,0,,Home, 191.23 ,4
4000581033,1,8/25/22,1,8/27/22,Home, 191.23 ,5
4000575468,1,8/12/22,0,,Home, 191.23 ,6
4000575993,2,8/12/22,2,8/23/22,Home, 191.23 ,7
4000576973,1,8/16/22,1,8/23/22,Home, 191.23 ,8
4000576508,3,8/16/22,1,8/24/22,Home, 191.23 ,9
4000576205,1,8/18/22,1,8/24/22,Home, 191.23 ,10
4000573053,1,8/8/22,1,8/10/22,Home, 191.23 ,11
4000582831,3,8/30/22,0,,Home, 191.23 ,12
4000578459,1,8/18/22,1,8/23/22,Home, 191.23 ,13
4000574481,2,8/11/22,1,8/13/22,Home, 191.23 ,14
4000583737,1,9/1/22,0,,Home, 191.23 ,15
4000576713,3,8/16/22,1,8/22/22,Home, 191.23 ,16
4000577917,2,8/16/22,1,8/18/22,Home, 191.23 ,17
4000579423,1,8/19/22,0,,Home, 191.23 ,18
4000577046,2,8/15/22,1,8/17/22,Home, 191.23 ,19
4000576937,1,8/16/22,0,,Home, 191.23 ,20
4000578479,1,8/18/22,1,8/20/22,Home, 191.23 ,21
4000572123,2,8/2/22,1,8/4/22,Home, 191.23 ,22
4000582053,1,8/26/22,1,8/29/22,Home, 191.23 ,23
4000573737,1,8/9/22,1,8/11/22,Home, 191.23 ,24
4000581504,2,8/26/22,1,8/31/22,Home, 191.23 ,25
4000582249,2,8/29/22,1,8/31/22,Home, 191.23 ,26
4000580301,2,8/23/22,0,,Home, 191.23 ,27
4000580318,1,8/23/22,1,8/26/22,Home, 191.23 ,28
4000581751,1,8/25/22,1,8/27/22,Home, 191.23 ,29
4000576866,1,8/16/22,0,,Home, 191.23 ,30
4000578703,1,8/19/22,2,8/23/22,Home, 191.23 ,31
4000583371,1,8/31/22,0,,Home, 191.23 ,32
4000578381,2,8/18/22,1,8/24/22,Home, 191.23 ,33
4000574830,2,8/11/22,0,,Home, 191.23 ,34
4000575787,1,8/15/22,1,8/18/22,Home, 191.23 ,35
4000577577,1,9/1/22,0,,Home, 191.23 ,36
4000576403,2,8/16/22,1,8/19/22,Home, 191.23 ,37
4000576155,2,8/16/22,1,8/24/22,Home, 191.23 ,38
4000573167,1,8/9/22,0,,Home, 191.23 ,39
4000577052,1,8/22/22,1,8/24/22,Home, 191.23 ,40
4000578948,2,8/19/22,1,8/22/22,Home, 191.23 ,41
4000579281,2,8/22/22,1,8/22/22,Home, 191.23 ,42
4000573414,1,8/9/22,1,8/11/22,Home, 191.23 ,43
4000581456,2,8/25/22,1,8/31/22,Home, 191.23 ,44
4000573415,1,8/22/22,1,8/24/22,Home, 191.23 ,45
4000581419,1,8/25/22,1,8/28/22,Home, 191.23 ,46
4000578625,1,8/19/22,2,8/23/22,Home, 191.23 ,47
4000574603,2,8/11/22,1,8/15/22,Home, 191.23 ,48
4000572992,2,8/8/22,1,8/11/22,Home, 191.23 ,49
4000574673,1,8/12/22,1,8/13/22,Home, 191.23 ,50
4000578150,1,8/19/22,2,8/23/22,Home, 191.23 ,51
4000574122,1,8/10/22,1,8/12/22,Home, 191.23 ,52
4000582847,2,8/30/22,0,,Home, 191.23 ,53
4000579056,1,8/31/22,0,,Home, 191.23 ,54
4000580610,2,8/24/22,1,8/29/22,Home, 191.23 ,55
4000573676,1,8/9/22,1,8/22/22,Home, 191.23 ,56
4000580437,2,8/23/22,1,8/30/22,Home, 191.23 ,57
4000576745,1,8/16/22,1,8/23/22,Home, 191.23 ,58
4000573713,2,8/9/22,1,8/12/22,Home, 191.23 ,59
4000576814,1,8/18/22,0,,Home, 191.23 ,60
4000577801,1,8/17/22,1,8/18/22,Home, 191.23 ,61
4000583646,1,9/2/22,0,,Home, 191.23 ,62
4000572866,1,8/5/22,1,8/10/22,Home, 191.23 ,63
4000577887,2,8/17/22,0,,Home, 191.23 ,64
4000583864,1,9/2/22,0,,Home, 191.23 ,65
4000572258,1,8/3/22,1,8/4/22,Home, 191.23 ,66
4000579265,1,8/25/22,0,,Home, 191.23 ,67
4000572625,2,8/4/22,1,8/8/22,Home, 191.23 ,68
4000583501,1,9/1/22,0,,Home, 191.23 ,69
4000579575,1,8/23/22,1,8/26/22,Home, 191.23 ,70
4000577121,1,8/16/22,1,8/19/22,Home, 191.23 ,71
4000581861,1,8/26/22,1,9/1/22,Home, 191.23 ,72
4000577807,2,8/18/22,1,8/22/22,Home, 191.23 ,73
4000568880,1,8/5/22,1,8/8/22,Home, 191.23 ,74
4000579820,1,8/23/22,1,8/26/22,Home, 191.23 ,75
4000580355,1,8/23/22,1,8/30/22,Home, 191.23 ,76
4000576035,1,8/15/22,0,,Home, 191.23 ,77
4000573059,2,8/8/22,1,8/15/22,Home, 191.23 ,78
4000574713,1,8/11/22,0,,Home, 191.23 ,79
4000573323,1,8/9/22,1,8/11/22,Home, 191.23 ,80
4000578655,2,8/18/22,1,8/21/22,Home, 191.23 ,81
4000577737,1,8/17/22,1,8/22/22,Home, 191.23 ,82
4000580495,1,8/26/22,1,8/30/22,Home, 191.23 ,83
4000582548,2,8/30/22,0,,Home, 191.23 ,84
4000583195,1,8/30/22,1,9/1/22,Home, 191.23 ,85
4000576294,3,8/16/22,1,8/19/22,Home, 191.23 ,86
4000580485,2,8/24/22,1,8/29/22,Home, 191.23 ,87
4000575811,1,8/15/22,1,8/18/22,Home, 191.23 ,88
4000582961,1,8/30/22,0,,Home, 191.23 ,89
4000574931,1,8/11/22,1,8/13/22,Home, 191.23 ,90
4000573097,2,8/8/22,1,8/10/22,Home, 191.23 ,91
4000580214,2,8/23/22,1,8/26/22,Home, 191.23 ,92
4000581430,2,8/25/22,1,8/30/22,Home, 191.23 ,93
4000577293,2,8/17/22,0,,Home, 191.23 ,94
4000574279,2,8/10/22,1,8/12/22,Home, 191.23 ,95
4000572763,1,8/5/22,0,,Home, 191.23 ,96
4000581898,1,8/29/22,0,,Home, 191.23 ,97
4000580359,1,8/26/22,1,8/29/22,Home, 191.23 ,98
4000577166,2,8/16/22,1,8/23/22,Home, 191.23 ,99
4000573831,1,8/10/22,0,,Home, 191.23 ,100
4000574555,3,8/11/22,1,8/15/22,Home, 191.23 ,101
4000579317,2,8/22/22,0,,Home, 191.23 ,102
4000572879,1,8/5/22,1,8/10/22,Home, 191.23 ,103
4000580913,3,8/24/22,1,8/26/22,Home, 191.23 ,104
4000579700,1,8/23/22,1,8/26/22,Home, 191.23 ,105
4000576072,2,8/15/22,1,8/18/22,Home, 191.23 ,106
4000576591,1,8/16/22,0,,Home, 191.23 ,107
4000572699,1,8/5/22,1,8/10/22,Home, 191.23 ,108
4000574617,1,8/11/22,1,8/13/22,Home, 191.23 ,109
4000578911,1,8/22/22,1,8/24/22,Home, 191.23 ,110
4000581808,1,8/26/22,1,9/1/22,Home, 191.23 ,111
4000574958,3,8/11/22,1,8/15/22,Home, 191.23 ,112
4000573173,1,8/9/22,1,8/11/22,Home, 191.23 ,113
4000575321,2,8/12/22,1,8/25/22,Home, 191.23 ,114
4000575001,1,8/11/22,1,8/13/22,Home, 191.23 ,115
4000575902,1,8/12/22,0,,Home, 191.23 ,116
4000581452,2,8/25/22,1,8/31/22,Home, 191.23 ,117
4000578707,2,8/19/22,2,8/23/22,Home, 191.23 ,118
4000577147,1,8/18/22,1,8/20/22,Home, 191.23 ,119
4000582041,2,8/26/22,1,8/29/22,Home, 191.23 ,120
4000582810,1,8/31/22,0,,Home, 191.23 ,121
4000583489,1,9/1/22,0,,Home, 191.23 ,122
4000580552,2,8/24/22,1,8/27/22,Home, 191.23 ,123
4000570776,1,8/5/22,1,8/8/22,Home, 191.23 ,124
4000570058,2,8/15/22,1,8/17/22,Home, 191.23 ,125
4000578799,1,8/22/22,1,8/24/22,Home, 191.23 ,126
4000577680,1,8/16/22,0,,Home, 191.23 ,127
4000576633,2,8/16/22,1,8/19/22,Home, 191.23 ,128
4000577051,2,8/22/22,1,8/24/22,Home, 191.23 ,129
4000578722,1,8/19/22,2,8/23/22,Home, 191.23 ,130
4000582118,1,8/29/22,1,8/31/22,Home, 191.23 ,131
4000581230,2,8/25/22,0,,Home, 191.23 ,132
4000579045,1,8/19/22,1,8/23/22,Home, 191.23 ,133
4000581015,1,8/25/22,0,,Home, 191.23 ,134
4000581241,4,8/25/22,1,8/28/22,Home, 191.23 ,135
4000574032,1,8/10/22,1,8/12/22,Home, 191.23 ,136
4000580698,2,8/24/22,0,,Home, 191.23 ,137
4000581812,1,8/26/22,0,,Home, 191.23 ,138
4000575970,2,8/15/22,1,8/18/22,Home, 191.23 ,139
4000583677,3,8/31/22,1,9/1/22,Home, 191.23 ,140
4000581479,2,8/26/22,1,8/31/22,Home, 191.23 ,141
4000577505,1,8/17/22,1,8/22/22,Home, 191.23 ,142
4000572925,1,8/8/22,1,8/10/22,Home, 191.23 ,143
4000575980,3,8/15/22,0,,Home, 191.23 ,144
4000576864,2,8/16/22,1,8/22/22,Home, 191.23 ,145
4000573150,1,8/9/22,0,,Home, 191.23 ,146
4000578829,1,8/19/22,1,8/24/22,Home, 191.23 ,147
4000575313,1,8/22/22,1,8/30/22,Home, 191.23 ,148
4000572813,2,8/5/22,1,8/9/22,Home, 191.23 ,149
4000579069,1,8/22/22,1,8/23/22,Home, 191.23 ,150
4000572359,1,8/4/22,0,,Home, 191.23 ,151
4000580788,1,8/24/22,1,8/29/22,Home, 191.23 ,152
4000575500,1,8/12/22,0,,Home, 191.23 ,153
4000581614,2,8/26/22,1,8/30/22,Home, 191.23 ,154
4000582028,2,8/29/22,1,8/31/22,Home, 191.23 ,155
4000575115,1,8/12/22,0,,Home, 191.23 ,156
4000572845,1,8/5/22,1,8/12/22,Home, 191.23 ,157
4000579301,2,8/22/22,2,8/24/22,Home, 191.23 ,158
4000569967,1,8/15/22,1,8/17/22,Home, 191.23 ,159
4000581018,1,8/25/22,1,8/27/22,Home, 191.23 ,160
4000582329,2,8/30/22,0,,Home, 191.23 ,161
4000574272,3,8/10/22,1,8/12/22,Home, 191.23 ,162
4000577274,1,8/17/22,1,8/19/22,Home, 191.23 ,163
4000576440,1,8/16/22,1,8/19/22,Home, 191.23 ,164
4000577012,2,8/16/22,1,8/23/22,Home, 191.23 ,165
4000583439,1,9/1/22,0,,Home, 191.23 ,166
4000580418,1,8/23/22,0,,Home, 191.23 ,167
4000579042,2,8/18/22,1,8/26/22,Home, 191.23 ,168
4000576916,1,8/17/22,1,8/19/22,Home, 191.23 ,169
4000576597,1,8/17/22,1,8/23/22,Home, 191.23 ,170
4000582843,1,8/30/22,1,8/31/22,Home, 191.23 ,171
4000573916,1,8/10/22,1,8/12/22,Home, 191.23 ,172
4000581745,1,8/26/22,0,,Home, 191.23 ,173
4000574716,2,8/10/22,1,8/12/22,Home, 191.23 ,174
4000573987,1,8/10/22,1,8/12/22,Home, 191.23 ,175
4000577588,1,8/17/22,1,8/19/22,Home, 191.23 ,176
4000578681,1,8/18/22,0,,Home, 191.23 ,177
4000575405,1,8/12/22,1,8/18/22,Home, 191.23 ,178
4000583619,1,9/2/22,0,,Home, 191.23 ,179
4000573594,2,8/8/22,1,8/10/22,Home, 191.23 ,180
4000578994,1,8/18/22,1,8/24/22,Home, 191.23 ,181
4000577670,1,8/17/22,1,8/24/22,Home, 191.23 ,182
4000577574,1,8/17/22,1,8/19/22,Home, 191.23 ,183
4000575832,2,8/15/22,1,8/18/22,Home, 191.23 ,184
4000580809,1,8/24/22,1,8/26/22,Home, 191.23 ,185
4000577758,2,8/17/22,1,8/29/22,Home, 191.23 ,186
4000574767,1,8/11/22,1,8/13/22,Home, 191.23 ,187
4000583358,3,8/31/22,0,,Home, 191.23 ,188
4000583167,3,8/31/22,0,,Home, 191.23 ,189
4000580340,1,8/23/22,1,8/26/22,Home, 191.23 ,190
4000577198,1,8/17/22,1,8/23/22,Home, 191.23 ,191
4000582366,1,8/30/22,0,,Home, 191.23 ,192
4000581689,1,8/26/22,1,8/30/22,Home, 191.23 ,193
4000579099,2,8/19/22,1,8/23/22,Home, 191.23 ,194
4000571785,2,8/1/22,1,8/4/22,Home, 191.23 ,195
4000573037,1,8/8/22,1,8/10/22,Home, 191.23 ,196
4000578660,2,8/18/22,1,8/23/22,Home, 191.23 ,197
4000574549,2,8/11/22,0,,Home, 191.23 ,198
4000572668,1,8/10/22,0,,Home, 191.23 ,199
4000579451,1,8/22/22,2,8/24/22,Home, 191.23 ,200
4000583127,1,8/31/22,0,,Home, 191.23 ,201
4000576368,1,8/16/22,0,,Home, 191.23 ,202
4000578603,4,8/18/22,1,8/26/22,Home, 191.23 ,203
4000576461,1,8/19/22,1,8/22/22,Home, 191.23 ,204
4000583011,1,8/31/22,0,,Home, 191.23 ,205
4000575391,1,8/12/22,1,8/16/22,Home, 191.23 ,206
4000576899,2,8/16/22,1,8/26/22,Home, 191.23 ,207
4000575886,1,8/12/22,2,8/23/22,Home, 191.23 ,208
4000582514,1,8/30/22,0,,Home, 191.23 ,209
4000581258,2,8/25/22,1,8/29/22,Home, 191.23 ,210
4000573738,1,8/9/22,1,8/22/22,Home, 191.23 ,211
4000572868,1,8/5/22,1,8/8/22,Home, 191.23 ,212
4000581019,2,8/25/22,0,,Home, 191.23 ,213
4000576442,1,8/16/22,1,8/19/22,Home, 191.23 ,214
4000425218,1,8/29/22,0,,Home, 191.23 ,215
4000579222,1,8/22/22,0,,Home, 191.23 ,216
4000575122,1,8/12/22,1,8/16/22,Home, 191.23 ,217
4000576807,3,8/16/22,1,8/19/22,Home, 191.23 ,218
4000579308,1,8/19/22,1,8/22/22,Home, 191.23 ,219
4000574039,1,8/10/22,1,8/12/22,Home, 191.23 ,220
4000580406,1,8/22/22,0,,Home, 191.23 ,221
4000581137,2,8/25/22,1,8/30/22,Home, 191.23 ,222
4000571917,1,8/22/22,1,8/24/22,Home, 191.23 ,223
4000578615,1,8/23/22,0,,Home, 191.23 ,224
4000573568,3,8/8/22,1,8/10/22,Home, 191.23 ,225
4000577748,1,8/16/22,1,8/18/22,Home, 191.23 ,226
4000581304,3,8/25/22,0,,Home, 191.23 ,227
4000574378,3,8/10/22,1,8/15/22,Home, 191.23 ,228
4000575398,1,8/11/22,1,8/13/22,Home, 191.23 ,229
4000580303,2,8/23/22,1,8/29/22,Home, 191.23 ,230
4000573753,1,8/9/22,0,,Home, 191.23 ,231
4000575899,2,8/15/22,1,8/31/22,Home, 191.23 ,232
4000573638,2,8/23/22,1,8/25/22,Home, 191.23 ,233
4000576918,1,8/16/22,1,8/19/22,Home, 191.23 ,234
4000574307,1,8/11/22,1,8/12/22,Home, 191.23 ,235
4000572861,1,8/5/22,1,8/10/22,Home, 191.23 ,236
4000582671,1,8/30/22,0,,Home, 191.23 ,237
4000575328,1,8/12/22,1,8/16/22,Home, 191.23 ,238
4000570323,1,8/4/22,0,,Home, 191.23 ,239
4000582588,2,8/30/22,0,,Home, 191.23 ,240
4000574020,1,8/10/22,1,8/15/22,Home, 191.23 ,241
4000578473,1,8/18/22,1,8/23/22,Home, 191.23 ,242
4000580855,2,8/24/22,1,8/26/22,Home, 191.23 ,243
4000575893,2,8/15/22,1,8/18/22,Home, 191.23 ,244
4000577287,2,8/17/22,1,8/19/22,Home, 191.23 ,245
4000573512,2,8/9/22,1,8/11/22,Home, 191.23 ,246
4000583033,2,8/30/22,1,8/31/22,Home, 191.23 ,247
4000496831,1,8/24/22,1,8/29/22,Home, 191.23 ,248
4000581321,2,8/25/22,1,8/29/22,Home, 191.23 ,249
4000553279,1,8/24/22,1,8/29/22,Home, 191.23 ,250
4000579120,1,8/19/22,0,,Home, 191.23 ,251
4000578360,2,8/18/22,1,8/20/22,Home, 191.23 ,252
4000581478,2,8/26/22,1,8/30/22,Home, 191.23 ,253
4000574171,2,8/10/22,1,8/12/22,Home, 191.23 ,254
4000573057,1,8/8/22,1,8/10/22,Home, 191.23 ,255
4000572514,1,8/4/22,1,8/7/22,Home, 191.23 ,256
4000580946,1,8/24/22,1,8/26/22,Home, 191.23 ,257
4000574560,2,8/11/22,0,,Home, 191.23 ,258
4000576513,1,8/16/22,1,8/19/22,Home, 191.23 ,259
4000576106,1,8/16/22,1,8/18/22,Home, 191.23 ,260
4000582117,1,8/26/22,0,,Home, 191.23 ,261
4000578023,3,8/18/22,1,8/23/22,Home, 191.23 ,262
4000578042,2,8/18/22,1,8/22/22,Home, 191.23 ,263
4000580690,1,8/24/22,0,,Home, 191.23 ,264
4000579753,2,8/23/22,1,8/26/22,Home, 191.23 ,265
4000576117,1,8/16/22,0,,Home, 191.23 ,266
4000583304,1,8/31/22,0,,Home, 191.23 ,267
4000574913,2,8/11/22,1,8/13/22,Home, 191.23 ,268
4000576984,1,8/22/22,1,8/24/22,Home, 191.23 ,269
4000577969,1,8/17/22,1,8/23/22,Home, 191.23 ,270
4000574411,1,8/12/22,0,,Home, 191.23 ,271
4000580852,2,8/24/22,1,8/29/22,Home, 191.23 ,272
4000564659,2,8/1/22,1,8/4/22,Home, 191.23 ,273
4000572735,1,8/5/22,1,8/9/22,Home, 191.23 ,274
4000580967,1,8/24/22,1,9/1/22,Home, 191.23 ,275
4000576300,1,8/16/22,1,8/19/22,Home, 191.23 ,276
4000580077,1,8/23/22,1,8/29/22,Home, 191.23 ,277
4000573063,1,8/8/22,1,8/10/22,Home, 191.23 ,278
4000582206,1,8/29/22,1,8/31/22,Home, 191.23 ,279
4000577675,1,8/18/22,1,8/20/22,Home, 191.23 ,280
4000581854,1,8/26/22,1,8/30/22,Home, 191.23 ,281
4000571188,1,9/1/22,0,,Home, 191.23 ,282
4000574115,1,8/12/22,1,8/16/22,Home, 191.23 ,283
4000574501,2,8/11/22,0,,Home, 191.23 ,284
4000578999,2,8/19/22,1,8/23/22,Home, 191.23 ,285
4000582305,2,8/30/22,0,,Home, 191.23 ,286
4000576082,2,8/15/22,1,8/19/22,Home, 191.23 ,287
4000575190,1,8/16/22,1,8/18/22,Home, 191.23 ,288
4000573269,1,8/9/22,1,8/16/22,Home, 191.23 ,289
4000578056,1,8/18/22,1,8/20/22,Home, 191.23 ,290
4000573853,1,8/10/22,1,8/12/22,Home, 191.23 ,291
4000582819,3,8/30/22,0,,Home, 191.23 ,292
4000573144,1,8/9/22,1,8/11/22,Home, 191.23 ,293
4000572892,1,8/8/22,1,8/10/22,Home, 191.23 ,294
4000573418,3,8/19/22,1,8/22/22,Home, 191.23 ,295
4000580085,1,8/23/22,0,,Home, 191.23 ,296
4000578584,1,8/18/22,1,8/22/22,Home, 191.23 ,297
4000579432,1,8/22/22,2,8/24/22,Home, 191.23 ,298
4000580221,2,8/23/22,1,8/29/22,Home, 191.23 ,299
4000573592,1,8/9/22,1,8/11/22,Home, 191.23 ,300
4000576626,2,8/16/22,1,8/19/22,Home, 191.23 ,301
4000579789,2,8/23/22,0,,Home, 191.23 ,302
4000576432,1,8/16/22,0,,Home, 191.23 ,303
4000581698,1,8/26/22,1,8/30/22,Home, 191.23 ,304
4000573077,1,8/8/22,1,8/10/22,Home, 191.23 ,305
4000576554,2,8/16/22,1,8/19/22,Home, 191.23 ,306
4000575279,1,8/17/22,1,8/23/22,Home, 191.23 ,307
4000583359,1,8/31/22,0,,Home, 191.23 ,308
4000578476,2,8/18/22,1,8/23/22,Home, 191.23 ,309
4000577347,4,8/17/22,1,8/19/22,Home, 191.23 ,310
4000583447,1,9/1/22,0,,Home, 191.23 ,311
4000579652,1,8/23/22,1,8/26/22,Home, 191.23 ,312
4000576406,2,8/16/22,1,8/22/22,Home, 191.23 ,313
4000577900,1,8/17/22,1,8/20/22,Home, 191.23 ,314
4000577629,3,8/17/22,1,8/22/22,Home, 191.23 ,315
4000577159,1,8/16/22,0,,Home, 191.23 ,316
4000573641,1,8/10/22,0,,Home, 191.23 ,317
4000568918,2,8/31/22,0,,Home, 191.23 ,318
4000580774,1,8/24/22,1,8/29/22,Home, 191.23 ,319
4000576132,2,8/16/22,1,8/18/22,Home, 191.23 ,320
4000581402,2,8/25/22,1,8/27/22,Home, 191.23 ,321
4000581979,1,8/29/22,0,,Home, 191.23 ,322
4000581742,2,8/29/22,1,8/30/22,Home, 191.23 ,323
4000574194,3,8/9/22,1,8/16/22,Home, 191.23 ,324
4000580768,1,8/23/22,1,8/25/22,Home, 191.23 ,325
4000572844,3,8/5/22,1,8/8/22,Home, 191.23 ,326
4000574925,2,8/10/22,1,8/12/22,Home, 191.23 ,327
4000580651,2,8/24/22,1,8/27/22,Home, 191.23 ,328
4000581076,1,8/25/22,0,,Home, 191.23 ,329
4000576097,2,8/15/22,1,8/18/22,Home, 191.23 ,330
4000577113,2,8/16/22,0,,Home, 191.23 ,331
4000574448,1,8/10/22,1,8/12/22,Home, 191.23 ,332
4000579307,3,8/22/22,2,8/24/22,Home, 191.23 ,333
4000580287,1,8/22/22,1,8/24/22,Home, 191.23 ,334
4000573175,2,8/9/22,1,8/12/22,Home, 191.23 ,335
4000582469,1,8/30/22,0,,Home, 191.23 ,336
4000577843,4,8/17/22,1,8/22/22,Home, 191.23 ,337
4000572134,2,8/2/22,1,8/5/22,Home, 191.23 ,338
4000580409,1,8/22/22,1,8/25/22,Home, 191.23 ,339
4000573002,1,8/8/22,1,8/10/22,Home, 191.23 ,340
4000579526,1,8/22/22,2,8/24/22,Home, 191.23 ,341
4000583247,1,8/31/22,0,,Home, 191.23 ,342
4000573084,1,8/8/22,1,8/10/22,Home, 191.23 ,343
4000576320,1,8/16/22,1,8/19/22,Home, 191.23 ,344
4000583434,1,9/1/22,0,,Home, 191.23 ,345
4000573727,1,8/9/22,0,,Home, 191.23 ,346
4000576495,4,8/16/22,1,8/19/22,Home, 191.23 ,347
4000579017,1,8/19/22,1,8/24/22,Home, 191.23 ,348
4000574250,1,8/10/22,1,8/12/22,Home, 191.23 ,349
4000573342,1,8/9/22,1,8/12/22,Home, 191.23 ,350
4000581540,2,8/30/22,0,,Home, 191.23 ,351
4000574070,1,8/10/22,0,,Home, 191.23 ,352
4000574365,1,8/10/22,1,8/16/22,Home, 191.23 ,353
4000582093,3,8/29/22,1,8/31/22,Home, 191.23 ,354
4000574969,2,8/11/22,1,8/13/22,Home, 191.23 ,355
4000577628,1,8/16/22,1,8/18/22,Home, 191.23 ,356
4000579950,1,8/23/22,1,8/26/22,Home, 191.23 ,357
4000584315,1,9/2/22,0,,Home, 191.23 ,358
4000578425,1,8/18/22,1,8/22/22,Home, 191.23 ,359
4000583410,1,8/31/22,0,,Home, 191.23 ,360
4000573852,0,,1,8/29/22,Home, 191.23 ,361
4000581475,2,8/29/22,1,8/30/22,Home, 191.23 ,362
4000580807,1,8/25/22,1,8/27/22,Home, 191.23 ,363
4000573585,1,8/8/22,1,8/10/22,Home, 191.23 ,364
4000571878,1,8/5/22,1,8/7/22,Home, 191.23 ,365
4000583552,1,8/31/22,1,9/1/22,Home, 191.23 ,366
4000579295,3,8/25/22,0,,Home, 191.23 ,367
4000577695,3,8/17/22,1,8/19/22,Home, 191.23 ,368
4000575358,1,8/15/22,1,8/18/22,Home, 191.23 ,369
4000578602,2,8/18/22,1,8/21/22,Home, 191.23 ,370
4000569827,1,8/3/22,1,8/8/22,Home, 191.23 ,371
4000576589,2,8/17/22,1,8/22/22,Home, 191.23 ,372
4000582475,2,8/30/22,0,,Home, 191.23 ,373
4000582608,1,8/30/22,0,,Home, 191.23 ,374
4000579833,1,8/23/22,1,8/26/22,Home, 191.23 ,375
4000583392,1,8/31/22,0,,Home, 191.23 ,376
4000575827,1,8/16/22,1,8/18/22,Home, 191.23 ,377
4000576818,3,8/16/22,1,8/19/22,Home, 191.23 ,378
4000580934,1,8/23/22,1,8/26/22,Home, 191.23 ,379
4000575013,2,8/12/22,0,,Home, 191.23 ,380
4000580763,1,8/24/22,0,,Home, 191.23 ,381
4000580313,2,8/23/22,1,8/26/22,Home, 191.23 ,382
4000578435,2,8/18/22,0,,Home, 191.23 ,383
4000574208,1,8/9/22,1,8/10/22,Home, 191.23 ,384
4000582624,1,8/31/22,0,,Home, 191.23 ,385
4000578608,1,8/18/22,1,8/24/22,Home, 191.23 ,386
4000573215,1,8/9/22,0,,Home, 191.23 ,387
4000539459,0,,1,8/26/22,Home, 191.23 ,388
4000574774,1,8/11/22,0,,Home, 191.23 ,389
4000578646,2,8/18/22,1,8/22/22,Home, 191.23 ,390
4000583850,2,9/2/22,0,,Home, 191.23 ,391
4000577163,1,8/17/22,1,8/23/22,Home, 191.23 ,392
4000579957,2,8/23/22,1,8/26/22,Home, 191.23 ,393
4000577432,3,8/17/22,1,8/19/22,Home, 191.23 ,394
4000581268,1,8/24/22,1,8/27/22,Home, 191.23 ,395
4000577199,2,8/17/22,0,,Home, 191.23 ,396
4000581338,4,8/26/22,0,,Home, 191.23 ,397
4000577264,1,8/17/22,0,,Home, 191.23 ,398
4000582461,1,8/30/22,0,,Home, 191.23 ,399
4000579985,1,8/23/22,1,8/26/22,Home, 191.23 ,400
4000574661,1,8/15/22,1,8/15/22,Home, 191.23 ,401
4000578417,1,8/22/22,0,,Home, 191.23 ,402
4000574943,1,8/10/22,1,8/17/22,Home, 191.23 ,403
4000579360,2,8/22/22,2,8/24/22,Home, 191.23 ,404
4000574383,2,8/10/22,1,8/12/22,Home, 191.23 ,405
4000579059,1,8/19/22,1,8/23/22,Home, 191.23 ,406
4000583991,1,9/2/22,0,,Home, 191.23 ,407
4000573813,1,8/10/22,1,8/15/22,Home, 191.23 ,408
4000572643,2,8/5/22,1,8/12/22,Home, 191.23 ,409
4000580484,1,8/23/22,1,8/26/22,Home, 191.23 ,410
4000573609,1,8/9/22,0,,Home, 191.23 ,411
4000581686,2,8/26/22,0,,Home, 191.23 ,412
4000581512,2,8/26/22,1,8/29/22,Home, 191.23 ,413
4000578431,1,8/18/22,1,8/22/22,Home, 191.23 ,414
4000578715,1,8/19/22,2,8/23/22,Home, 191.23 ,415
4000583848,2,9/2/22,0,,Home, 191.23 ,416
4000574409,2,8/10/22,1,8/12/22,Home, 191.23 ,417
4000582226,3,8/29/22,1,9/1/22,Home, 191.23 ,418
4000579383,2,8/22/22,1,8/29/22,Home, 191.23 ,419
4000577754,3,8/17/22,0,,Home, 191.23 ,420
4000577077,2,8/16/22,1,8/19/22,Home, 191.23 ,421
4000579274,1,8/22/22,1,8/29/22,Home, 191.23 ,422
4000575421,3,8/12/22,1,8/17/22,Home, 191.23 ,423
4000581738,2,8/30/22,0,,Home, 191.23 ,424
4000577795,4,8/17/22,1,8/19/22,Home, 191.23 ,425
4000579022,1,8/23/22,1,8/25/22,Home, 191.23 ,426
4000575640,1,8/15/22,1,8/19/22,Home, 191.23 ,427
4000577717,1,8/18/22,0,,Home, 191.23 ,428
4000579514,2,8/22/22,1,8/25/22,Home, 191.23 ,429
4000575377,1,8/17/22,1,8/23/22,Home, 191.23 ,430
4000581121,2,8/25/22,0,,Home, 191.23 ,431
2001362935,0,,1,8/18/22,Home, 191.23 ,432
4000574765,1,8/16/22,1,8/18/22,Home, 191.23 ,433
4000582456,1,8/31/22,0,,Home, 191.23 ,434
4000572077,1,8/2/22,1,8/4/22,Home, 191.23 ,435
4000581333,1,8/25/22,1,8/27/22,Home, 191.23 ,436
4000572779,1,8/5/22,1,8/15/22,Home, 191.23 ,437
4000578208,2,8/24/22,0,,Home, 191.23 ,438
4000578541,1,8/18/22,1,8/21/22,Home, 191.23 ,439
4000573041,2,8/8/22,1,8/15/22,Home, 191.23 ,440
4000578488,1,8/18/22,1,8/21/22,Home, 191.23 ,441
4000575548,1,8/12/22,0,,Home, 191.23 ,442
4000579595,3,8/23/22,1,8/29/22,Home, 191.23 ,443
4000580918,2,8/24/22,1,8/26/22,Home, 191.23 ,444
4000573371,1,8/9/22,1,8/16/22,Home, 191.23 ,445
4000579346,1,8/22/22,2,8/24/22,Home, 191.23 ,446
4000573099,1,8/9/22,1,8/11/22,Home, 191.23 ,447
4000572120,3,8/3/22,1,8/5/22,Home, 191.23 ,448
4000579783,2,8/23/22,0,,Home, 191.23 ,449
4000572489,1,8/4/22,1,8/8/22,Home, 191.23 ,450
4000573959,1,8/10/22,1,8/12/22,Home, 191.23 ,451
4000578530,1,8/18/22,1,8/22/22,Home, 191.23 ,452
4000581833,1,8/26/22,0,,Home, 191.23 ,453
4000574909,1,8/15/22,1,8/18/22,Home, 191.23 ,454
4000574230,1,8/10/22,1,8/12/22,Home, 191.23 ,455
4000578323,4,8/18/22,0,,Home, 191.23 ,456
4000575251,1,8/16/22,0,,Home, 191.23 ,457
4000577120,1,8/16/22,1,8/19/22,Home, 191.23 ,458
4000575479,2,8/12/22,2,8/23/22,Home, 191.23 ,459
4000574137,1,8/11/22,1,8/12/22,Home, 191.23 ,460
4000582056,3,8/29/22,1,8/31/22,Home, 191.23 ,461
4000583172,1,8/31/22,0,,Home, 191.23 ,462
4000578867,1,8/19/22,0,,Home, 191.23 ,463
4000579353,2,8/24/22,1,8/27/22,Home, 191.23 ,464
4000580255,4,8/23/22,1,8/26/22,Home, 191.23 ,465
4000580470,2,8/23/22,1,8/26/22,Home, 191.23 ,466
4000578906,1,8/19/22,1,8/24/22,Home, 191.23 ,467
4000580901,3,8/24/22,1,8/26/22,Home, 191.23 ,468
4000579730,1,8/23/22,1,8/29/22,Home, 191.23 ,469
4000581942,3,9/1/22,0,,Home, 191.23 ,470
4000578926,1,8/19/22,1,8/25/22,Home, 191.23 ,471
4000571778,1,8/11/22,1,8/13/22,Home, 191.23 ,472
4000572406,1,8/4/22,1,8/12/22,Home, 191.23 ,473
4000574109,1,8/10/22,0,,Home, 191.23 ,474
4000578318,1,8/18/22,0,,Home, 191.23 ,475
4000577273,2,8/17/22,1,8/19/22,Home, 191.23 ,476
4000583805,2,9/2/22,0,,Home, 191.23 ,477
4000576602,1,8/16/22,1,8/18/22,Home, 191.23 ,478
4000581277,1,8/25/22,1,8/31/22,Home, 191.23 ,479
4000583554,1,8/31/22,0,,Home, 191.23 ,480
4000580370,1,8/23/22,1,8/30/22,Home, 191.23 ,481
4000578189,1,8/18/22,1,8/20/22,Home, 191.23 ,482
4000578240,1,8/18/22,1,8/20/22,Home, 191.23 ,483
4000578336,1,8/18/22,1,8/23/22,Home, 191.23 ,484
4000577530,2,8/17/22,1,8/19/22,Home, 191.23 ,485
4000582162,2,8/29/22,0,,Home, 191.23 ,486
4000579836,1,8/23/22,1,8/26/22,Home, 191.23 ,487
4000577639,2,8/17/22,1,8/22/22,Home, 191.23 ,488
4000576005,2,8/15/22,1,8/19/22,Home, 191.23 ,489
4000581866,1,8/26/22,1,8/30/22,Home, 191.23 ,490
4000575018,2,8/11/22,1,8/15/22,Home, 191.23 ,491
4000581956,1,8/30/22,0,,Home, 191.23 ,492
4000576413,2,8/16/22,1,8/22/22,Home, 191.23 ,493
4000580256,4,8/23/22,0,,Home, 191.23 ,494
4000581857,1,8/26/22,0,,Home, 191.23 ,495
4000578396,2,8/18/22,1,8/22/22,Home, 191.23 ,496
4000578465,2,8/22/22,1,8/25/22,Home, 191.23 ,497
4000582497,1,8/30/22,0,,Home, 191.23 ,498
4000575925,2,8/15/22,1,8/18/22,Home, 191.23 ,499
4000577667,1,8/17/22,1,8/23/22,Home, 191.23 ,500
4000577806,1,8/17/22,1,8/19/22,Home, 191.23 ,501
4000575437,1,8/12/22,1,8/16/22,Home, 191.23 ,502
4000580285,2,8/23/22,1,8/26/22,Home, 191.23 ,503
4000577716,3,8/17/22,0,,Home, 191.23 ,504
4000576042,1,8/15/22,1,8/17/22,Home, 191.23 ,505
4000580346,1,8/23/22,1,8/29/22,Home, 191.23 ,506
4000579829,1,8/23/22,1,8/26/22,Home, 191.23 ,507
4000581872,1,8/26/22,1,8/30/22,Home, 191.23 ,508
4000575818,1,8/17/22,0,,Home, 191.23 ,509
4000579818,3,8/23/22,1,8/26/22,Home, 191.23 ,510
4000575922,3,8/15/22,1,8/18/22,Home, 191.23 ,511
4000573652,2,8/9/22,1,8/11/22,Home, 191.23 ,512
4000575203,3,8/12/22,1,8/16/22,Home, 191.23 ,513
4000580979,1,8/24/22,0,,Home, 191.23 ,514
4000573069,1,8/8/22,0,,Home, 191.23 ,515
4000575003,2,8/11/22,1,8/13/22,Home, 191.23 ,516
4000578067,2,8/18/22,1,8/24/22,Home, 191.23 ,517
4000573109,1,8/8/22,1,8/10/22,Home, 191.23 ,518
4000579629,2,8/23/22,1,8/26/22,Home, 191.23 ,519
4000579781,2,8/23/22,1,8/29/22,Home, 191.23 ,520
4000572923,2,8/8/22,1,8/10/22,Home, 191.23 ,521
4000580666,4,8/24/22,1,8/27/22,Home, 191.23 ,522
4000578458,1,8/18/22,1,8/22/22,Home, 191.23 ,523
4000575355,1,8/12/22,1,8/16/22,Home, 191.23 ,524
4000580339,3,8/23/22,1,8/29/22,Home, 191.23 ,525
4000581429,1,8/25/22,0,,Home, 191.23 ,526
4000574754,2,8/11/22,1,8/15/22,Home, 191.23 ,527
4000580264,1,8/23/22,0,,Home, 191.23 ,528
4000575129,1,8/16/22,0,,Home, 191.23 ,529
4000582239,2,8/29/22,1,8/31/22,Home, 191.23 ,530
4000574662,2,8/11/22,0,,Home, 191.23 ,531
4000583849,1,9/2/22,0,,Home, 191.23 ,532
4000578434,2,8/18/22,1,8/22/22,Home, 191.23 ,533
4000574811,2,8/11/22,1,8/15/22,Home, 191.23 ,534
4000583819,1,9/2/22,0,,Home, 191.23 ,535
4000580994,1,8/24/22,0,,Home, 191.23 ,536
4000580656,3,8/24/22,1,8/27/22,Home, 191.23 ,537
4000579131,2,8/22/22,0,,Home, 191.23 ,538
4000584081,1,9/2/22,0,,Home, 191.23 ,539
4000580771,1,8/24/22,1,8/26/22,Home, 191.23 ,540
4000576012,1,8/16/22,0,,Home, 191.23 ,541
4000583564,1,8/31/22,0,,Home, 191.23 ,542
4000574726,2,8/11/22,1,8/15/22,Home, 191.23 ,543
4000582048,1,8/26/22,0,,Home, 191.23 ,544
4000580804,1,8/24/22,0,,Home, 191.23 ,545
4000574077,1,8/10/22,1,8/12/22,Home, 191.23 ,546
4000578227,1,8/18/22,1,8/20/22,Home, 191.23 ,547
4000578314,3,8/18/22,1,8/20/22,Home, 191.23 ,548
4000574258,2,8/10/22,1,8/12/22,Home, 191.23 ,549
4000580324,2,8/23/22,1,8/26/22,Home, 191.23 ,550
4000573091,1,8/5/22,1,8/7/22,Home, 191.23 ,551
4000577842,2,8/17/22,0,,Home, 191.23 ,552
4000582293,1,8/29/22,1,9/1/22,Home, 191.23 ,553
4000581710,1,8/30/22,1,8/31/22,Home, 191.23 ,554
4000578307,2,8/17/22,1,8/18/22,Home, 191.23 ,555
4000578778,3,8/19/22,1,8/24/22,Home, 191.23 ,556
4000580042,3,8/23/22,1,8/26/22,Home, 191.23 ,557
4000577022,2,8/16/22,1,8/26/22,Home, 191.23 ,558
4000574424,2,8/10/22,1,8/12/22,Home, 191.23 ,559
4000581988,3,8/29/22,1,8/30/22,Home, 191.23 ,560
4000572786,2,8/5/22,1,8/10/22,Home, 191.23 ,561
4000577809,1,8/17/22,1,8/22/22,Home, 191.23 ,562
4000576847,1,8/15/22,0,,Home, 191.23 ,563
4000581851,1,8/26/22,1,8/30/22,Home, 191.23 ,564
4000580549,1,8/24/22,0,,Home, 191.23 ,565
4000577909,1,8/26/22,1,8/29/22,Home, 191.23 ,566
4000576812,2,8/23/22,1,8/24/22,Home, 191.23 ,567
4000583089,2,8/31/22,0,,Home, 191.23 ,568
4000572453,1,8/4/22,0,,Home, 191.23 ,569
4000577410,1,8/17/22,1,8/19/22,Home, 191.23 ,570
4000582879,2,8/30/22,0,,Home, 191.23 ,571
4000578286,3,8/18/22,1,8/22/22,Home, 191.23 ,572
4000577227,1,8/17/22,1,8/19/22,Home, 191.23 ,573
4000573580,1,8/9/22,0,,Home, 191.23 ,574
4000575481,1,8/12/22,1,8/16/22,Home, 191.23 ,575
4000578272,2,8/18/22,1,8/23/22,Home, 191.23 ,576
4000579716,1,8/23/22,1,8/30/22,Home, 191.23 ,577
4000580806,2,8/24/22,1,8/26/22,Home, 191.23 ,578
4000581849,2,8/26/22,1,8/30/22,Home, 191.23 ,579
4000577901,2,8/17/22,1,8/22/22,Home, 191.23 ,580
4000579782,3,8/23/22,1,8/26/22,Home, 191.23 ,581
4000580407,2,8/26/22,1,8/30/22,Home, 191.23 ,582
4000582091,1,8/26/22,1,8/30/22,Home, 191.23 ,583
4000583038,1,8/29/22,1,8/31/22,Home, 191.23 ,584
4000572753,1,8/5/22,1,8/9/22,Home, 191.23 ,585
4000579304,2,8/22/22,2,8/24/22,Home, 191.23 ,586
4000582650,2,8/30/22,0,,Home, 191.23 ,587
4000579320,1,8/19/22,1,8/23/22,Home, 191.23 ,588
4000572853,1,8/8/22,1,8/17/22,Home, 191.23 ,589
4000576126,1,8/16/22,1,8/18/22,Home, 191.23 ,590
4000578073,2,8/18/22,1,8/23/22,Home, 191.23 ,591
4000573029,1,8/8/22,1,8/10/22,Home, 191.23 ,592
4000581295,3,8/25/22,1,8/30/22,Home, 191.23 ,593
4000576269,2,8/16/22,1,8/18/22,Home, 191.23 ,594
4000576732,2,8/16/22,1,8/19/22,Home, 191.23 ,595
4000581399,1,8/25/22,1,8/27/22,Home, 191.23 ,596
4000575799,1,8/15/22,0,,Home, 191.23 ,597
4000581465,2,8/26/22,1,8/29/22,Home, 191.23 ,598
4000574392,1,8/10/22,1,8/12/22,Home, 191.23 ,599
4000580876,1,8/24/22,1,8/27/22,Home, 191.23 ,600
4000573030,2,8/8/22,1,8/10/22,Home, 191.23 ,601
4000582849,2,8/29/22,1,8/31/22,Home, 191.23 ,602
4000573190,1,8/9/22,1,8/11/22,Home, 191.23 ,603
4000574796,2,8/11/22,1,8/16/22,Home, 191.23 ,604
4000575310,2,8/12/22,1,8/16/22,Home, 191.23 ,605
4000581397,1,8/29/22,0,,Home, 191.23 ,606
4000577090,1,8/15/22,0,,Home, 191.23 ,607
4000573958,3,8/18/22,1,8/19/22,Home, 191.23 ,608
4000576691,2,8/18/22,1,8/22/22,Home, 191.23 ,609
4000582775,3,8/30/22,0,,Home, 191.23 ,610
4000576517,4,8/16/22,0,,Home, 191.23 ,611
4000572175,2,8/3/22,1,8/4/22,Home, 191.23 ,612
4000579318,1,8/22/22,2,8/24/22,Home, 191.23 ,613
4000575941,2,8/15/22,1,8/19/22,Home, 191.23 ,614
4000572559,1,8/4/22,0,,Home, 191.23 ,615
4000579139,2,8/22/22,1,8/24/22,Home, 191.23 ,616
4000578818,2,8/19/22,1,8/24/22,Home, 191.23 ,617
4000575097,1,8/30/22,1,8/31/22,Home, 191.23 ,618
4000577088,1,8/16/22,1,8/18/22,Home, 191.23 ,619
4000579259,1,8/23/22,0,,Home, 191.23 ,620
4000578257,2,8/18/22,1,8/23/22,Home, 191.23 ,621
4000582233,3,8/29/22,1,8/30/22,Home, 191.23 ,622
4000581272,1,8/25/22,1,8/30/22,Home, 191.23 ,623
4000573133,1,8/8/22,1,8/10/22,Home, 191.23 ,624
4000582359,2,8/30/22,0,,Home, 191.23 ,625
4000582098,1,8/29/22,1,9/1/22,Home, 191.23 ,626
4000572895,1,8/8/22,1,8/10/22,Home, 191.23 ,627
4000580699,1,8/24/22,1,8/27/22,Home, 191.23 ,628
4000549246,1,8/5/22,1,8/10/22,Home, 191.23 ,629
4000576073,1,8/15/22,0,,Home, 191.23 ,630
4000574854,3,8/11/22,1,8/13/22,Home, 191.23 ,631
4000575399,1,8/12/22,0,,Home, 191.23 ,632
4000580949,1,8/24/22,1,8/26/22,Home, 191.23 ,633
4000574037,1,8/9/22,0,,Home, 191.23 ,634
4000577637,1,8/29/22,1,8/29/22,Home, 191.23 ,635
4000576885,1,8/20/22,0,,Home, 191.23 ,636
4000564171,1,8/30/22,1,8/31/22,Home, 191.23 ,637
4000578892,2,8/19/22,1,8/23/22,Home, 191.23 ,638
4000582276,1,8/29/22,0,,Home, 191.23 ,639
4000572743,1,8/11/22,1,8/13/22,Home, 191.23 ,640
4000572828,1,8/4/22,1,8/7/22,Home, 191.23 ,641
4000579606,2,8/23/22,1,8/26/22,Home, 191.23 ,642
4000579990,2,8/24/22,1,8/27/22,Home, 191.23 ,643
4000575562,3,8/15/22,1,8/18/22,Home, 191.23 ,644
4000583491,2,9/1/22,0,,Home, 191.23 ,645
4000578424,1,8/18/22,1,8/23/22,Home, 191.23 ,646
4000580832,1,8/25/22,1,8/29/22,Home, 191.23 ,647
4000582957,1,9/1/22,0,,Home, 191.23 ,648
4000575557,1,8/15/22,1,8/17/22,Home, 191.23 ,649
4000574300,1,8/29/22,0,,Home, 191.23 ,650
4000579101,2,8/19/22,1,8/25/22,Home, 191.23 ,651
4000577960,1,8/17/22,0,,Home, 191.23 ,652
4000572820,1,8/5/22,1,8/10/22,Home, 191.23 ,653
4000582932,2,8/30/22,0,,Home, 191.23 ,654
4000575058,1,8/12/22,0,,Home, 191.23 ,655
4000580044,1,8/23/22,1,8/26/22,Home, 191.23 ,656
4000582503,1,8/30/22,0,,Home, 191.23 ,657
4000573465,1,8/9/22,0,,Home, 191.23 ,658
4000582540,2,8/30/22,0,,Home, 191.23 ,659
4000574125,1,8/10/22,1,8/12/22,Home, 191.23 ,660
4000574298,2,8/10/22,1,8/12/22,Home, 191.23 ,661
4000577114,4,8/16/22,1,8/22/22,Home, 191.23 ,662
4000572194,4,8/3/22,1,8/5/22,Home, 191.23 ,663
4000577786,1,8/17/22,1,8/22/22,Home, 191.23 ,664
4000580615,2,8/24/22,1,8/27/22,Home, 191.23 ,665
4000577209,2,8/17/22,0,,Home, 191.23 ,666
4000573553,1,8/9/22,1,8/12/22,Home, 191.23 ,667
4000580760,2,8/24/22,1,8/29/22,Home, 191.23 ,668
4000583384,1,8/31/22,0,,Home, 191.23 ,669
4000574963,2,8/11/22,0,,Home, 191.23 ,670
4000581934,1,8/29/22,1,8/30/22,Home, 191.23 ,671
4000575853,3,8/15/22,1,8/18/22,Home, 191.23 ,672
4000575982,1,8/15/22,1,8/17/22,Home, 191.23 ,673
4000582959,2,8/30/22,0,,Home, 191.23 ,674
4000573561,2,8/9/22,1,8/11/22,Home, 191.23 ,675
4000574702,1,8/11/22,1,8/13/22,Home, 191.23 ,676
4000574322,2,8/10/22,0,,Home, 191.23 ,677
4000581628,3,8/26/22,0,,Home, 191.23 ,678
4000577961,2,8/17/22,1,8/24/22,Home, 191.23 ,679
4000573746,3,8/9/22,1,8/15/22,Home, 191.23 ,680
4000583631,2,9/1/22,0,,Home, 191.23 ,681
4000579764,2,8/23/22,1,8/26/22,Home, 191.23 ,682
4000583183,1,8/31/22,0,,Home, 191.23 ,683
4000579044,2,8/23/22,1,8/24/22,Home, 191.23 ,684
4000573404,1,8/9/22,1,8/11/22,Home, 191.23 ,685
4000194451,2,9/1/22,0,,Home, 191.23 ,686
4000574263,1,8/12/22,1,8/17/22,Home, 191.23 ,687
4000578638,2,8/18/22,1,8/21/22,Home, 191.23 ,688
4000580010,3,8/23/22,1,8/26/22,Home, 191.23 ,689
4000580951,1,8/24/22,1,9/1/22,Home, 191.23 ,690
4000582180,2,8/29/22,0,,Home, 191.23 ,691
4000581309,2,8/25/22,1,8/30/22,Home, 191.23 ,692
4000582434,2,8/30/22,0,,Home, 191.23 ,693
4000577440,1,8/16/22,1,8/18/22,Home, 191.23 ,694
4000576088,2,8/15/22,1,8/18/22,Home, 191.23 ,695
4000578632,2,8/18/22,1,8/21/22,Home, 191.23 ,696
4000574027,1,8/10/22,1,8/12/22,Home, 191.23 ,697
4000577993,2,8/17/22,1,8/23/22,Home, 191.23 ,698
4000130605,1,8/10/22,1,8/15/22,Home, 191.23 ,699
4000565616,2,8/30/22,0,,Home, 191.23 ,700
4000576074,1,8/15/22,1,8/18/22,Home, 191.23 ,701
4000576382,2,8/16/22,1,8/19/22,Home, 191.23 ,702
4000579004,1,8/18/22,1,8/20/22,Home, 191.23 ,703
4000578129,1,8/18/22,1,8/22/22,Home, 191.23 ,704
4000574781,1,8/11/22,1,8/13/22,Home, 191.23 ,705
4000579261,7,8/22/22,1,8/24/22,Home, 191.23 ,706
4000583073,1,8/31/22,0,,Home, 191.23 ,707
4000583551,1,9/1/22,0,,Home, 191.23 ,708
4000574346,1,8/10/22,1,8/12/22,Home, 191.23 ,709
4000574255,1,8/12/22,1,8/16/22,Home, 191.23 ,710
4000581248,2,8/25/22,0,,Home, 191.23 ,711
4000578472,1,8/18/22,1,8/23/22,Home, 191.23 ,712
4000579520,1,8/22/22,2,8/24/22,Home, 191.23 ,713
4000582078,2,8/30/22,0,,Home, 191.23 ,714
4000576935,2,8/16/22,1,8/19/22,Home, 191.23 ,715
4000580132,2,8/23/22,1,8/30/22,Home, 191.23 ,716
4000573137,1,8/8/22,1,8/15/22,Home, 191.23 ,717
4000573339,1,8/9/22,0,,Home, 191.23 ,718
4000574905,1,8/11/22,1,8/15/22,Home, 191.23 ,719
4000572390,1,8/4/22,1,8/9/22,Home, 191.23 ,720
4000575384,1,8/12/22,0,,Home, 191.23 ,721
4000579043,2,8/19/22,1,8/25/22,Home, 191.23 ,722
4000572086,3,8/19/22,1,8/22/22,Home, 191.23 ,723
4000583297,2,8/30/22,1,8/31/22,Home, 191.23 ,724
4000578004,1,8/17/22,1,8/20/22,Home, 191.23 ,725
4000582856,2,8/30/22,0,,Home, 191.23 ,726
4000576156,1,8/16/22,1,8/30/22,Home, 191.23 ,727
4000583641,1,9/2/22,0,,Home, 191.23 ,728
4000576953,1,8/16/22,1,8/23/22,Home, 191.23 ,729
4000579913,2,8/23/22,1,8/26/22,Home, 191.23 ,730
4000579843,1,8/25/22,1,8/26/22,Home, 191.23 ,731
4000577142,1,8/22/22,1,8/25/22,Home, 191.23 ,732
4000579109,2,8/23/22,1,8/26/22,Home, 191.23 ,733
4000575635,1,8/15/22,0,,Home, 191.23 ,734
4000581334,2,8/25/22,0,,Home, 191.23 ,735
4000582732,2,8/30/22,0,,Home, 191.23 ,736
4000579746,1,8/23/22,1,8/30/22,Home, 191.23 ,737
4000575714,2,8/15/22,1,8/18/22,Home, 191.23 ,738
4000573125,1,8/8/22,1,8/22/22,Home, 191.23 ,739
4000581695,1,8/26/22,1,8/31/22,Home, 191.23 ,740
4000575375,1,8/12/22,1,8/18/22,Home, 191.23 ,741
4000583401,1,9/1/22,0,,Home, 191.23 ,742
4000572840,1,8/8/22,1,8/9/22,Home, 191.23 ,743
4000581214,2,8/25/22,1,8/28/22,Home, 191.23 ,744
4000583724,1,9/1/22,0,,Home, 191.23 ,745
4000581023,2,8/25/22,1,8/29/22,Home, 191.23 ,746
4000574762,1,8/11/22,1,8/15/22,Home, 191.23 ,747
4000578583,1,8/19/22,2,8/23/22,Home, 191.23 ,748
4000579041,1,8/19/22,1,8/23/22,Home, 191.23 ,749
4000580177,3,8/23/22,0,,Home, 191.23 ,750
4000576338,3,8/16/22,1,8/22/22,Home, 191.23 ,751
4000578460,3,8/18/22,1,8/23/22,Home, 191.23 ,752
4000582307,2,8/30/22,0,,Home, 191.23 ,753
4000578854,1,8/19/22,1,8/26/22,Home, 191.23 ,754
4000582763,1,8/29/22,1,8/30/22,Home, 191.23 ,755
4000579108,2,8/19/22,1,8/23/22,Home, 191.23 ,756
4000575349,1,8/12/22,1,8/16/22,Home, 191.23 ,757
4000582672,2,8/30/22,0,,Home, 191.23 ,758
4000579025,1,8/19/22,1,8/23/22,Home, 191.23 ,759
4000574293,1,8/16/22,0,,Home, 191.23 ,760
4000579061,1,8/18/22,1,8/20/22,Home, 191.23 ,761
4000576450,1,8/16/22,1,8/19/22,Home, 191.23 ,762
4000576414,1,8/16/22,1,8/19/22,Home, 191.23 ,763
4000575961,2,8/17/22,1,8/23/22,Home, 191.23 ,764
4000572835,1,8/5/22,0,,Home, 191.23 ,765
4000572941,2,8/8/22,1,8/10/22,Home, 191.23 ,766
4000574260,1,8/10/22,1,8/12/22,Home, 191.23 ,767
4000583855,2,9/2/22,0,,Home, 191.23 ,768
4000574478,3,8/11/22,0,,Home, 191.23 ,769
4000581610,1,8/26/22,0,,Home, 191.23 ,770
4000573313,1,8/9/22,1,8/12/22,Home, 191.23 ,771
4000572738,1,8/5/22,1,8/10/22,Home, 191.23 ,772
4000580436,2,8/23/22,1,8/29/22,Home, 191.23 ,773
4000579770,1,8/23/22,1,8/26/22,Home, 191.23 ,774
4000572063,1,8/5/22,0,,Home, 191.23 ,775
4000578946,3,8/19/22,1,8/23/22,Home, 191.23 ,776
4000574929,5,8/11/22,1,8/13/22,Home, 191.23 ,777
4000579091,1,8/19/22,1,8/24/22,Home, 191.23 ,778
4000571939,1,8/4/22,0,,Home, 191.23 ,779
4000573844,1,8/11/22,1,8/12/22,Home, 191.23 ,780
4000582043,1,8/26/22,1,8/29/22,Home, 191.23 ,781
4000579765,1,8/23/22,1,8/26/22,Home, 191.23 ,782
4000575831,2,8/15/22,1,8/18/22,Home, 191.23 ,783
4000575451,2,8/11/22,1,8/13/22,Home, 191.23 ,784
4000575616,2,8/15/22,0,,Home, 191.23 ,785
4000574556,4,8/15/22,0,,Home, 191.23 ,786
4000574361,2,8/10/22,1,8/12/22,Home, 191.23 ,787
4000578965,1,8/19/22,1,8/30/22,Home, 191.23 ,788
4000577966,1,8/17/22,1,8/25/22,Home, 191.23 ,789
4000577765,3,8/17/22,1,8/19/22,Home, 191.23 ,790
4000576473,2,8/17/22,1,8/22/22,Home, 191.23 ,791
4000577646,3,8/17/22,1,8/22/22,Home, 191.23 ,792
4000574280,2,8/10/22,0,,Home, 191.23 ,793
4000578401,1,8/25/22,1,8/30/22,Home, 191.23 ,794
4000577789,1,8/17/22,1,8/19/22,Home, 191.23 ,795
4000574907,3,8/11/22,1,8/13/22,Home, 191.23 ,796
4000576142,1,8/16/22,1,8/18/22,Home, 191.23 ,797
4000576458,2,8/16/22,1,8/19/22,Home, 191.23 ,798
4000580657,3,8/24/22,1,8/27/22,Home, 191.23 ,799
4000576650,3,8/16/22,1,8/19/22,Home, 191.23 ,800
4000578121,1,8/18/22,1,8/23/22,Home, 191.23 ,801
4000573740,1,8/11/22,0,,Home, 191.23 ,802
4000582137,3,8/29/22,1,8/31/22,Home, 191.23 ,803
4000576053,2,8/15/22,1,8/18/22,Home, 191.23 ,804
4000583740,2,9/1/22,0,,Home, 191.23 ,805
4000581638,2,8/26/22,1,8/30/22,Home, 191.23 ,806
4000581618,2,8/26/22,1,8/30/22,Home, 191.23 ,807
4000576951,2,8/16/22,1,8/19/22,Home, 191.23 ,808
4000572628,1,8/5/22,1,8/7/22,Home, 191.23 ,809
4000579784,2,8/23/22,1,8/26/22,Home, 191.23 ,810
4000583883,1,9/2/22,0,,Home, 191.23 ,811
4000578309,2,8/18/22,1,8/24/22,Home, 191.23 ,812
4000580250,1,8/22/22,1,8/23/22,Home, 191.23 ,813
4000579509,2,8/23/22,0,,Home, 191.23 ,814
4000580317,1,8/23/22,0,,Home, 191.23 ,815
4000578574,3,8/18/22,1,8/22/22,Home, 191.23 ,816
4000573643,1,8/9/22,1,8/12/22,Home, 191.23 ,817
4000575025,1,8/12/22,1,8/16/22,Home, 191.23 ,818
4000578943,1,8/19/22,1,8/23/22,Home, 191.23 ,819
4000576288,1,8/16/22,1,8/18/22,Home, 191.23 ,820
4000574061,1,8/10/22,1,8/12/22,Home, 191.23 ,821
4000582113,1,8/29/22,1,8/31/22,Home, 191.23 ,822
4000573596,2,8/9/22,1,8/10/22,Home, 191.23 ,823
4000583266,2,8/30/22,1,8/31/22,Home, 191.23 ,824
4000579344,2,8/30/22,0,,Home, 191.23 ,825
4000579516,2,8/22/22,1,8/25/22,Home, 191.23 ,826
4000581245,2,8/25/22,1,8/27/22,Home, 191.23 ,827
4000573636,2,8/9/22,1,8/11/22,Home, 191.23 ,828
4000580320,1,8/23/22,1,8/29/22,Home, 191.23 ,829
4000577930,1,8/17/22,1,8/22/22,Home, 191.23 ,830
4000582884,2,8/30/22,0,,Home, 191.23 ,831
4000580229,2,8/23/22,1,8/29/22,Home, 191.23 ,832
4000581231,2,8/25/22,0,,Home, 191.23 ,833
4000582635,2,8/30/22,0,,Home, 191.23 ,834
4000576655,2,8/16/22,1,8/19/22,Home, 191.23 ,835
4000583216,1,8/30/22,1,8/31/22,Home, 191.23 ,836
4000579551,1,8/22/22,2,8/24/22,Home, 191.23 ,837
4000582096,2,8/29/22,1,8/30/22,Home, 191.23 ,838
4000572727,2,8/5/22,1,8/10/22,Home, 191.23 ,839
4000582071,1,8/26/22,0,,Home, 191.23 ,840
4000575161,2,8/12/22,1,8/17/22,Home, 191.23 ,841
4000572829,1,8/5/22,1,8/9/22,Home, 191.23 ,842
4000580348,1,8/23/22,0,,Home, 191.23 ,843
4000582607,1,8/30/22,0,,Home, 191.23 ,844
4000575363,2,8/11/22,1,8/16/22,Home, 191.23 ,845
4000576336,1,8/16/22,1,8/19/22,Home, 191.23 ,846
4000575354,3,8/19/22,1,8/24/22,Home, 191.23 ,847
4000574343,1,8/10/22,1,8/12/22,Home, 191.23 ,848
4000576499,2,8/16/22,1,8/19/22,Home, 191.23 ,849
4000574787,1,8/18/22,1,8/22/22,Home, 191.23 ,850
4000577879,1,8/17/22,1,8/20/22,Home, 191.23 ,851
4000576985,1,8/17/22,1,8/19/22,Home, 191.23 ,852
4000577720,3,8/17/22,1,8/24/22,Home, 191.23 ,853
4000581703,2,8/26/22,1,8/31/22,Home, 191.23 ,854
4000580064,1,8/23/22,1,8/26/22,Home, 191.23 ,855
4000581605,1,8/26/22,1,8/30/22,Home, 191.23 ,856
4000583821,1,9/2/22,0,,Home, 191.23 ,857
4000579630,1,8/23/22,1,8/26/22,Home, 191.23 ,858
4000574000,1,8/9/22,1,8/11/22,Home, 191.23 ,859
4000573258,2,8/9/22,1,8/11/22,Home, 191.23 ,860
4000571861,2,8/2/22,1,8/4/22,Home, 191.23 ,861
4000572797,1,8/8/22,1,8/15/22,Home, 191.23 ,862
4000577231,3,8/17/22,1,8/19/22,Home, 191.23 ,863
4000579299,1,8/22/22,2,8/24/22,Home, 191.23 ,864
4000574760,1,8/11/22,1,8/13/22,Home, 191.23 ,865
4000582821,2,8/30/22,0,,Home, 191.23 ,866
4000584331,1,9/2/22,0,,Home, 191.23 ,867
4000579436,1,8/19/22,0,,Home, 191.23 ,868
4000574853,1,8/11/22,1,8/13/22,Home, 191.23 ,869
4000583970,1,9/1/22,0,,Home, 191.23 ,870
4000573577,1,8/9/22,1,8/11/22,Home, 191.23 ,871
4000576896,1,8/16/22,0,,Home, 191.23 ,872
4000582777,2,8/30/22,0,,Home, 191.23 ,873
4000574023,1,8/10/22,1,8/12/22,Home, 191.23 ,874
4000575687,1,8/15/22,0,,Home, 191.23 ,875
4000584114,1,9/2/22,0,,Home, 191.23 ,876
4000583060,2,8/31/22,0,,Home, 191.23 ,877
4000573589,2,8/9/22,1,8/11/22,Home, 191.23 ,878
4000575654,2,8/15/22,1,8/18/22,Home, 191.23 ,879
4000581257,1,8/24/22,1,8/27/22,Home, 191.23 ,880
4000581411,1,8/25/22,1,8/30/22,Home, 191.23 ,881
4000573684,1,8/9/22,1,8/15/22,Home, 191.23 ,882
4000575435,1,8/12/22,1,8/18/22,Home, 191.23 ,883
4000583257,2,8/30/22,1,8/31/22,Home, 191.23 ,884
4000574421,1,8/10/22,1,8/15/22,Home, 191.23 ,885
4000579070,2,8/19/22,1,8/23/22,Home, 191.23 ,886
4000573745,2,8/9/22,1,8/15/22,Home, 191.23 ,887
4000575425,1,8/12/22,1,8/18/22,Home, 191.23 ,888
4000578495,1,8/18/22,1,8/21/22,Home, 191.23 ,889
4000576904,3,8/16/22,1,8/19/22,Home, 191.23 ,890
4000574236,1,8/10/22,1,8/12/22,Home, 191.23 ,891
4000579569,1,8/23/22,1,8/26/22,Home, 191.23 ,892
4000576218,1,8/16/22,1,8/18/22,Home, 191.23 ,893
4000581197,3,8/25/22,1,8/29/22,Home, 191.23 ,894
4000576657,3,8/23/22,1,8/24/22,Home, 191.23 ,895
4000572230,1,8/4/22,0,,Home, 191.23 ,896
4000573621,1,8/9/22,0,,Home, 191.23 ,897
4000575983,3,8/15/22,0,,Home, 191.23 ,898
4000577606,1,8/16/22,0,,Home, 191.23 ,899
4000581802,1,8/25/22,0,,Home, 191.23 ,900
4000581971,1,8/29/22,1,8/30/22,Home, 191.23 ,901
4000579986,1,8/23/22,0,,Home, 191.23 ,902
4000576522,1,8/19/22,1,8/24/22,Home, 191.23 ,903
4000573142,2,8/8/22,1,8/15/22,Home, 191.23 ,904
4000578508,1,8/18/22,1,8/21/22,Home, 191.23 ,905
4000578848,1,8/19/22,1,8/25/22,Home, 191.23 ,906
4000575881,2,8/15/22,1,8/18/22,Home, 191.23 ,907
4000576114,1,8/16/22,1,8/18/22,Home, 191.23 ,908
4000576507,1,8/16/22,0,,Home, 191.23 ,909
4000577544,1,8/26/22,1,8/29/22,Home, 191.23 ,910
4000576496,2,8/23/22,0,,Home, 191.23 ,911
4000581176,2,8/25/22,1,8/29/22,Home, 191.23 ,912
4000576010,3,8/15/22,1,8/19/22,Home, 191.23 ,913
4000577719,1,8/16/22,1,8/19/22,Home, 191.23 ,914
4000578238,2,8/18/22,1,8/22/22,Home, 191.23 ,915
4000583827,2,9/2/22,0,,Home, 191.23 ,916
4000572185,2,8/3/22,1,8/4/22,Home, 191.23 ,917
2001286482,1,8/17/22,1,8/19/22,Home, 191.23 ,918
4000583113,1,9/2/22,0,,Home, 191.23 ,919
4000574240,3,8/10/22,1,8/12/22,Home, 191.23 ,920
4000580833,1,8/24/22,0,,Home, 191.23 ,921
4000574357,1,8/10/22,1,8/16/22,Home, 191.23 ,922
4000574734,2,8/11/22,0,,Home, 191.23 ,923
4000578855,2,8/19/22,1,8/26/22,Home, 191.23 ,924
4000574569,1,8/16/22,1,8/26/22,Home, 191.23 ,925
4000577687,2,8/17/22,1,8/19/22,Home, 191.23 ,926
4000575039,1,8/11/22,1,8/16/22,Home, 191.23 ,927
4000582175,2,8/29/22,0,,Home, 191.23 ,928
4000577451,2,8/17/22,1,8/23/22,Home, 191.23 ,929
4000580101,2,8/23/22,1,8/26/22,Home, 191.23 ,930
4000577245,1,8/17/22,1,8/19/22,Home, 191.23 ,931
4000580245,2,8/23/22,0,,Home, 191.23 ,932
4000577952,1,8/18/22,1,8/22/22,Home, 191.23 ,933
4000573618,1,8/8/22,1,8/10/22,Home, 191.23 ,934
4000573785,2,8/9/22,1,8/11/22,Home, 191.23 ,935
4000577546,1,8/17/22,1,8/19/22,Home, 191.23 ,936
4000583626,1,8/31/22,1,9/1/22,Home, 191.23 ,937
4000579567,2,8/23/22,1,8/29/22,Home, 191.23 ,938
4000580035,1,8/23/22,0,,Home, 191.23 ,939
4000574948,2,8/11/22,1,8/16/22,Home, 191.23 ,940
4000574014,2,8/15/22,1,8/18/22,Home, 191.23 ,941
4000581398,3,8/25/22,1,8/29/22,Home, 191.23 ,942
4000580691,2,8/24/22,1,8/27/22,Home, 191.23 ,943
4000575824,2,8/15/22,1,8/18/22,Home, 191.23 ,944
4000583204,1,8/30/22,1,9/1/22,Home, 191.23 ,945
4000583700,2,9/1/22,0,,Home, 191.23 ,946
4000576215,2,8/23/22,0,,Home, 191.23 ,947
4000579329,2,8/19/22,1,8/22/22,Home, 191.23 ,948
4000578959,4,8/23/22,1,8/25/22,Home, 191.23 ,949
4000571064,1,8/8/22,0,,Home, 191.23 ,950
4000578546,1,8/18/22,1,8/21/22,Home, 191.23 ,951
4000583272,1,9/1/22,0,,Home, 191.23 ,952
4000578475,1,8/18/22,1,8/23/22,Home, 191.23 ,953
4000577265,3,8/17/22,1,8/22/22,Home, 191.23 ,954
4000576949,1,8/16/22,1,8/21/22,Home, 191.23 ,955
4000579583,2,8/23/22,1,8/30/22,Home, 191.23 ,956
4000574586,2,8/11/22,0,,Home, 191.23 ,957
4000578971,1,8/22/22,1,8/24/22,Home, 191.23 ,958
4000581841,2,8/30/22,0,,Home, 191.23 ,959
4000582641,3,8/31/22,0,,Home, 191.23 ,960
4000579199,1,8/22/22,0,,Home, 191.23 ,961
4000584015,2,9/1/22,0,,Home, 191.23 ,962
4000575977,2,8/15/22,1,8/18/22,Home, 191.23 ,963
4000579103,1,8/29/22,1,8/30/22,Home, 191.23 ,964
4000572043,1,8/2/22,1,8/4/22,Home, 191.23 ,965
4000572554,1,8/15/22,1,8/17/22,Home, 191.23 ,966
4000579417,2,8/22/22,1,8/25/22,Home, 191.23 ,967
4000577981,1,8/17/22,1,8/22/22,Home, 191.23 ,968
4000583668,1,9/1/22,0,,Home, 191.23 ,969
4000577172,2,8/16/22,1,8/19/22,Home, 191.23 ,970
4000581014,1,8/25/22,0,,Home, 191.23 ,971
4000576649,1,8/16/22,1,8/19/22,Home, 191.23 ,972
4000572105,2,8/3/22,1,8/5/22,Home, 191.23 ,973
4000575059,1,8/11/22,1,8/16/22,Home, 191.23 ,974
4000582941,2,8/30/22,0,,Home, 191.23 ,975
4000580440,1,8/25/22,0,,Home, 191.23 ,976
4000576439,1,8/16/22,1,8/19/22,Home, 191.23 ,977
4000576912,2,8/17/22,0,,Home, 191.23 ,978
4000578676,3,8/19/22,1,8/24/22,Home, 191.23 ,979
4000579149,1,8/22/22,1,8/24/22,Home, 191.23 ,980
4000579649,1,8/23/22,1,8/26/22,Home, 191.23 ,981
4000577130,1,8/16/22,1,8/18/22,Home, 191.23 ,982
4000580069,3,8/23/22,1,8/26/22,Home, 191.23 ,983
4000576434,1,8/16/22,1,8/19/22,Home, 191.23 ,984
4000576621,1,8/16/22,1,8/23/22,Home, 191.23 ,985
4000580574,1,8/25/22,1,9/1/22,Home, 191.23 ,986
4000573567,1,8/9/22,1,8/10/22,Home, 191.23 ,987
4000572619,2,8/5/22,1,8/8/22,Home, 191.23 ,988
4000581528,1,8/26/22,1,8/31/22,Home, 191.23 ,989
4000577829,3,8/17/22,1,8/22/22,Home, 191.23 ,990
4000577617,1,8/17/22,1,8/22/22,Home, 191.23 ,991
4000581911,1,8/29/22,1,8/30/22,Home, 191.23 ,992
4000577702,2,8/17/22,1,8/19/22,Home, 191.23 ,993
4000573720,2,8/8/22,1,8/10/22,Home, 191.23 ,994
4000572800,2,8/9/22,1,8/10/22,Home, 191.23 ,995
4000577974,4,8/17/22,1,8/24/22,Home, 191.23 ,996
4000574252,1,8/15/22,1,8/17/22,Home, 191.23 ,997
4000580366,1,8/22/22,1,8/24/22,Home, 191.23 ,998
4000572655,1,8/5/22,1,8/12/22,Home, 191.23 ,999
4000581377,1,8/26/22,0,,Home, 191.23 ,1000
4000582069,1,8/29/22,1,8/30/22,Home, 191.23 ,1001
4000582738,2,8/30/22,0,,Home, 191.23 ,1002
4000574302,1,8/11/22,1,8/13/22,Home, 191.23 ,1003
4000576794,2,8/17/22,1,8/29/22,Home, 191.23 ,1004
4000581867,1,8/29/22,1,8/30/22,Home, 191.23 ,1005
4000574163,1,8/9/22,1,8/10/22,Home, 191.23 ,1006
4000573588,1,8/9/22,1,8/11/22,Home, 191.23 ,1007
4000583692,3,8/31/22,1,9/1/22,Home, 191.23 ,1008
4000580002,2,8/23/22,1,8/26/22,Home, 191.23 ,1009
4000583085,1,8/31/22,0,,Home, 191.23 ,1010
4000578977,2,8/19/22,1,8/23/22,Home, 191.23 ,1011
4000578877,1,8/25/22,1,8/25/22,Home, 191.23 ,1012
4000574228,1,8/10/22,1,8/15/22,Home, 191.23 ,1013
4000579749,1,8/23/22,1,8/26/22,Home, 191.23 ,1014
4000580990,2,8/24/22,1,8/26/22,Home, 191.23 ,1015
4000576379,1,8/18/22,2,8/23/22,Home, 191.23 ,1016
4000575291,1,8/11/22,1,8/13/22,Home, 191.23 ,1017
4000575784,1,8/15/22,0,,Home, 191.23 ,1018
4000580590,1,8/24/22,1,8/27/22,Home, 191.23 ,1019
4000579076,1,8/19/22,1,8/24/22,Home, 191.23 ,1020
4000577883,1,8/17/22,1,8/22/22,Home, 191.23 ,1021
4000581983,1,8/29/22,1,8/30/22,Home, 191.23 ,1022
4000580687,3,8/31/22,0,,Home, 191.23 ,1023
4000581322,2,8/25/22,1,8/29/22,Home, 191.23 ,1024
4000577605,1,8/17/22,1,8/19/22,Home, 191.23 ,1025
4000580854,1,8/24/22,0,,Home, 191.23 ,1026
4000580381,1,8/23/22,0,,Home, 191.23 ,1027
4000582665,1,8/30/22,0,,Home, 191.23 ,1028
4000577699,2,8/19/22,1,8/23/22,Home, 191.23 ,1029
4000581522,2,8/26/22,1,8/29/22,Home, 191.23 ,1030
4000581024,2,8/25/22,1,8/27/22,Home, 191.23 ,1031
4000580367,2,8/22/22,1,8/31/22,Home, 191.23 ,1032
4000574451,2,8/10/22,1,8/12/22,Home, 191.23 ,1033
4000575890,1,8/15/22,1,8/18/22,Home, 191.23 ,1034
4000575333,1,8/12/22,0,,Home, 191.23 ,1035
4000572509,1,8/4/22,1,8/7/22,Home, 191.23 ,1036
4000577847,2,8/17/22,1,8/23/22,Home, 191.23 ,1037
4000576577,2,8/16/22,1,8/19/22,Home, 191.23 ,1038
4000582908,5,8/30/22,0,,Home, 191.23 ,1039
4000576675,2,8/16/22,1,8/19/22,Home, 191.23 ,1040
4000580156,2,8/23/22,0,,Home, 191.23 ,1041
4000453647,1,8/9/22,1,8/10/22,Home, 191.23 ,1042
4000577341,2,8/17/22,0,,Home, 191.23 ,1043
4000583723,2,9/1/22,0,,Home, 191.23 ,1044
4000580498,1,8/24/22,1,8/27/22,Home, 191.23 ,1045
4000578351,2,8/18/22,1,8/24/22,Home, 191.23 ,1046
4000583634,2,9/1/22,0,,Home, 191.23 ,1047
4000577072,1,8/16/22,1,8/19/22,Home, 191.23 ,1048
4000577040,2,8/18/22,1,8/23/22,Home, 191.23 ,1049
4000575590,1,8/15/22,1,8/18/22,Home, 191.23 ,1050
4000580930,2,8/23/22,1,9/2/22,Home, 191.23 ,1051
4000573451,1,8/9/22,1,8/11/22,Home, 191.23 ,1052
4000573457,1,8/9/22,1,8/11/22,Home, 191.23 ,1053
4000578561,1,8/18/22,1,8/21/22,Home, 191.23 ,1054
4000573659,1,8/9/22,0,,Home, 191.23 ,1055
4000573694,1,8/9/22,1,8/11/22,Home, 191.23 ,1056
4000574974,1,8/11/22,1,8/15/22,Home, 191.23 ,1057
4000579000,1,8/19/22,1,8/23/22,Home, 191.23 ,1058
4000582601,1,9/1/22,0,,Home, 191.23 ,1059
4000579427,1,8/22/22,2,8/24/22,Home, 191.23 ,1060
4000582123,1,8/26/22,0,,Home, 191.23 ,1061
4000582121,1,8/29/22,1,8/31/22,Home, 191.23 ,1062
4000583731,2,9/2/22,0,,Home, 191.23 ,1063
4000572513,1,8/4/22,1,8/9/22,Home, 191.23 ,1064
4000578572,1,8/18/22,1,8/25/22,Home, 191.23 ,1065
4000576056,1,8/12/22,1,8/16/22,Home, 191.23 ,1066
4000579459,1,8/22/22,0,,Home, 191.23 ,1067
4000579331,1,8/22/22,2,8/24/22,Home, 191.23 ,1068
4000574089,1,8/10/22,1,8/15/22,Home, 191.23 ,1069
4000577848,3,8/17/22,0,,Home, 191.23 ,1070
4000573307,1,8/9/22,0,,Home, 191.23 ,1071
4000581524,2,8/26/22,0,,Home, 191.23 ,1072
4000579096,1,8/19/22,1,8/23/22,Home, 191.23 ,1073
4000583424,1,9/1/22,0,,Home, 191.23 ,1074
4000580726,1,8/24/22,1,9/6/22,Home, 191.23 ,1075
4000582268,2,8/29/22,0,,Home, 191.23 ,1076
4000579539,1,8/23/22,2,8/24/22,Home, 191.23 ,1077
4000577740,2,8/17/22,1,8/23/22,Home, 191.23 ,1078
4000581532,2,8/26/22,1,8/31/22,Home, 191.23 ,1079
4000582061,1,8/29/22,1,8/31/22,Home, 191.23 ,1080
4000580395,1,8/29/22,1,8/30/22,Home, 191.23 ,1081
4000582892,1,8/31/22,0,,Home, 191.23 ,1082
4000580900,3,8/24/22,1,8/26/22,Home, 191.23 ,1083
4000579294,2,8/19/22,1,8/22/22,Home, 191.23 ,1084
4000581421,1,8/24/22,1,8/27/22,Home, 191.23 ,1085
4000580197,2,8/30/22,1,8/31/22,Home, 191.23 ,1086
4000580126,1,8/23/22,1,8/26/22,Home, 191.23 ,1087
4000577924,1,8/26/22,1,8/31/22,Home, 191.23 ,1088
4000575693,2,8/15/22,0,,Home, 191.23 ,1089
4000583682,1,9/1/22,0,,Home, 191.23 ,1090
4000581667,1,8/26/22,0,,Home, 191.23 ,1091
4000580107,1,8/23/22,1,8/26/22,Home, 191.23 ,1092
4000578631,3,8/18/22,1,8/22/22,Home, 191.23 ,1093
4000577813,3,8/17/22,1,8/19/22,Home, 191.23 ,1094
4000579121,1,8/22/22,0,,Home, 191.23 ,1095
4000574112,2,8/10/22,1,8/15/22,Home, 191.23 ,1096
4000579927,1,8/29/22,1,9/1/22,Home, 191.23 ,1097
4000573199,1,8/9/22,1,8/11/22,Home, 191.23 ,1098
4000576129,2,8/16/22,1,8/18/22,Home, 191.23 ,1099
4000577738,1,8/17/22,1,8/22/22,Home, 191.23 ,1100
4000576367,2,8/16/22,1,8/23/22,Home, 191.23 ,1101
4000577016,1,8/16/22,1,8/18/22,Home, 191.23 ,1102
4000579550,1,8/22/22,1,8/25/22,Home, 191.23 ,1103
4000580548,2,8/24/22,1,8/27/22,Home, 191.23 ,1104
4000577886,1,8/17/22,1,8/20/22,Home, 191.23 ,1105
4000573689,1,8/9/22,1,8/15/22,Home, 191.23 ,1106
4000577096,2,8/16/22,1,8/23/22,Home, 191.23 ,1107
4000290093,1,8/16/22,1,8/19/22,Home, 191.23 ,1108
4000579203,1,8/22/22,1,8/24/22,Home, 191.23 ,1109
4000582202,1,8/26/22,1,8/30/22,Home, 191.23 ,1110
4000573152,1,8/9/22,1,8/11/22,Home, 191.23 ,1111
4000577715,3,8/17/22,1,8/23/22,Home, 191.23 ,1112
4000574803,2,8/11/22,1,8/13/22,Home, 191.23 ,1113
4000581485,3,8/26/22,1,8/29/22,Home, 191.23 ,1114
4000575974,3,8/15/22,1,8/18/22,Home, 191.23 ,1115
4000576996,2,8/16/22,1,8/23/22,Home, 191.23 ,1116
4000572660,1,8/5/22,0,,Home, 191.23 ,1117
4000580875,1,8/23/22,1,8/26/22,Home, 191.23 ,1118
4000581875,1,8/26/22,1,8/30/22,Home, 191.23 ,1119
4000579328,1,8/22/22,2,8/24/22,Home, 191.23 ,1120
4000579010,1,8/19/22,1,8/23/22,Home, 191.23 ,1121
4000583786,1,9/1/22,0,,Home, 191.23 ,1122
4000582142,2,8/29/22,0,,Home, 191.23 ,1123
4000580408,1,8/23/22,0,,Home, 191.23 ,1124
4000574108,2,8/9/22,0,,Home, 191.23 ,1125
4000581298,1,9/1/22,0,,Home, 191.23 ,1126
4000578059,1,8/18/22,1,8/22/22,Home, 191.23 ,1127
4000575284,2,8/12/22,1,8/18/22,Home, 191.23 ,1128
4000583138,1,9/1/22,0,,Home, 191.23 ,1129
4000577026,2,8/23/22,1,8/26/22,Home, 191.23 ,1130
4000579431,1,8/19/22,1,8/22/22,Home, 191.23 ,1131
4000583299,1,8/31/22,0,,Home, 191.23 ,1132
4000582204,1,8/29/22,1,8/30/22,Home, 191.23 ,1133
4000575598,1,8/15/22,1,8/18/22,Home, 191.23 ,1134
4000577237,1,8/23/22,1,8/26/22,Home, 191.23 ,1135
4000581062,2,8/30/22,0,,Home, 191.23 ,1136
4000573882,1,8/10/22,1,8/12/22,Home, 191.23 ,1137
4000571474,3,7/28/22,1,8/7/22,Home, 191.23 ,1138
4000580451,1,8/23/22,1,8/26/22,Home, 191.23 ,1139
4000583522,2,9/1/22,0,,Home, 191.23 ,1140
4000574372,1,8/10/22,1,8/12/22,Home, 191.23 ,1141
4000582257,2,8/29/22,1,9/2/22,Home, 191.23 ,1142
4000579279,1,8/23/22,1,8/26/22,Home, 191.23 ,1143
4000579112,1,8/19/22,1,8/23/22,Home, 191.23 ,1144
4000574694,1,8/11/22,1,8/13/22,Home, 191.23 ,1145
4000576358,3,8/16/22,1,8/19/22,Home, 191.23 ,1146
4000580191,3,8/23/22,1,8/26/22,Home, 191.23 ,1147
4000577839,2,8/19/22,2,8/23/22,Home, 191.23 ,1148
4000584059,1,9/2/22,0,,Home, 191.23 ,1149
4000574462,1,8/11/22,1,8/13/22,Home, 191.23 ,1150
4000579455,6,8/22/22,0,,Home, 191.23 ,1151
4000581447,2,8/25/22,1,8/30/22,Home, 191.23 ,1152
4000581718,1,8/26/22,0,,Home, 191.23 ,1153
4000573565,1,8/9/22,1,8/18/22,Home, 191.23 ,1154
4000575504,2,8/15/22,1,8/17/22,Home, 191.23 ,1155
4000572048,1,8/9/22,0,,Home, 191.23 ,1156
4000577684,2,8/17/22,1,8/24/22,Home, 191.23 ,1157
4000578783,3,8/19/22,1,8/23/22,Home, 191.23 ,1158
4000577613,1,8/17/22,0,,Home, 191.23 ,1159
4000581876,2,8/31/22,0,,Home, 191.23 ,1160
4000580752,1,8/24/22,1,8/26/22,Home, 191.23 ,1161
4000580394,1,8/22/22,2,8/24/22,Home, 191.23 ,1162
4000576841,1,8/16/22,0,,Home, 191.23 ,1163
4000579107,1,8/19/22,1,8/23/22,Home, 191.23 ,1164
4000579374,2,8/22/22,2,8/24/22,Home, 191.23 ,1165
4000575225,1,8/15/22,1,8/17/22,Home, 191.23 ,1166
4000572896,1,8/8/22,1,8/15/22,Home, 191.23 ,1167
4000576356,2,8/16/22,1,8/19/22,Home, 191.23 ,1168
4000572200,1,8/3/22,1,8/5/22,Home, 191.23 ,1169
4000581918,2,8/29/22,1,8/30/22,Home, 191.23 ,1170
4000577564,2,8/17/22,1,8/19/22,Home, 191.23 ,1171
4000573145,1,8/9/22,1,8/11/22,Home, 191.23 ,1172
4000484070,1,9/1/22,1,8/29/22,Home, 191.23 ,1173
4000575996,1,8/12/22,0,,Home, 191.23 ,1174
4000580910,1,8/23/22,1,8/26/22,Home, 191.23 ,1175
4000576900,4,8/16/22,0,,Home, 191.23 ,1176
4000576861,1,8/16/22,1,8/25/22,Home, 191.23 ,1177
4000577596,1,8/17/22,1,8/19/22,Home, 191.23 ,1178
4000520608,1,8/11/22,2,8/23/22,Home, 191.23 ,1179
4000574577,1,8/11/22,1,8/13/22,Home, 191.23 ,1180
4000578750,1,8/19/22,1,8/29/22,Home, 191.23 ,1181
4000576506,3,8/16/22,1,8/22/22,Home, 191.23 ,1182
4000575740,1,8/16/22,1,8/18/22,Home, 191.23 ,1183
4000573017,1,8/8/22,1,8/11/22,Home, 191.23 ,1184
4000578986,1,8/19/22,1,8/23/22,Home, 191.23 ,1185
4000573721,1,8/9/22,0,,Home, 191.23 ,1186
4000579439,3,8/22/22,2,8/24/22,Home, 191.23 ,1187
4000580216,3,8/23/22,1,8/29/22,Home, 191.23 ,1188
4000572583,1,8/4/22,0,,Home, 191.23 ,1189
4000572492,1,8/4/22,0,,Home, 191.23 ,1190
4000581283,3,8/25/22,0,,Home, 191.23 ,1191
4000576207,1,8/16/22,1,8/18/22,Home, 191.23 ,1192
4000572287,2,8/3/22,1,8/4/22,Home, 191.23 ,1193
4000576183,1,8/22/22,1,8/25/22,Home, 191.23 ,1194
4000573808,1,8/10/22,1,8/15/22,Home, 191.23 ,1195
4000577840,3,8/17/22,1,8/23/22,Home, 191.23 ,1196
4000573986,1,8/10/22,1,8/12/22,Home, 191.23 ,1197
4000577857,2,8/17/22,1,8/23/22,Home, 191.23 ,1198
4000583835,1,9/2/22,0,,Home, 191.23 ,1199
4000579444,4,8/22/22,1,8/26/22,Home, 191.23 ,1200
4000572459,1,8/11/22,1,8/13/22,Home, 191.23 ,1201
4000574984,2,8/11/22,0,,Home, 191.23 ,1202
4000581998,3,8/29/22,1,8/30/22,Home, 191.23 ,1203
4000579268,1,8/19/22,0,,Home, 191.23 ,1204
4000583255,1,8/31/22,0,,Home, 191.23 ,1205
4000576719,3,8/16/22,1,8/19/22,Home, 191.23 ,1206
4000580238,3,8/23/22,1,8/29/22,Home, 191.23 ,1207
4000583459,1,9/1/22,0,,Home, 191.23 ,1208
4000579289,1,9/2/22,0,,Home, 191.23 ,1209
4000582496,1,8/30/22,1,9/6/22,Home, 191.23 ,1210
4000576700,2,8/16/22,0,,Home, 191.23 ,1211
4000582685,1,9/1/22,0,,Home, 191.23 ,1212
4000570010,1,8/9/22,1,8/11/22,Home, 191.23 ,1213
4000579345,1,8/22/22,0,,Home, 191.23 ,1214
4000572746,1,8/26/22,1,8/29/22,Home, 191.23 ,1215
4000578870,1,8/19/22,1,8/24/22,Home, 191.23 ,1216
4000578339,2,8/18/22,1,8/25/22,Home, 191.23 ,1217
4000574604,2,8/11/22,1,8/13/22,Home, 191.23 ,1218
4000582519,2,8/30/22,0,,Home, 191.23 ,1219
4000582483,1,8/30/22,0,,Home, 191.23 ,1220
4000573597,1,8/9/22,1,8/11/22,Home, 191.23 ,1221
4000580030,1,8/23/22,0,,Home, 191.23 ,1222
4000573655,1,8/11/22,1,8/13/22,Home, 191.23 ,1223
4000582181,1,8/29/22,0,,Home, 191.23 ,1224
4000577980,1,8/16/22,0,,Home, 191.23 ,1225
4000577620,1,8/24/22,1,8/27/22,Home, 191.23 ,1226
4000573860,2,9/1/22,0,,Home, 191.23 ,1227
4000566533,1,8/17/22,1,8/22/22,Home, 191.23 ,1228
4000580262,3,8/23/22,0,,Home, 191.23 ,1229
4000576806,1,8/16/22,1,8/19/22,Home, 191.23 ,1230
4000582185,1,8/29/22,1,9/1/22,Home, 191.23 ,1231
4000572623,2,8/9/22,1,8/22/22,Home, 191.23 ,1232
4000577379,1,8/18/22,1,8/23/22,Home, 191.23 ,1233
4000576409,2,8/16/22,0,,Home, 191.23 ,1234
4000574968,1,8/11/22,1,8/15/22,Home, 191.23 ,1235
4000578544,1,8/22/22,2,8/23/22,Home, 191.23 ,1236
4000573464,1,8/9/22,2,8/12/22,Home, 191.23 ,1237
4000578839,2,8/18/22,1,8/23/22,Home, 191.23 ,1238
4000581489,2,8/26/22,0,,Home, 191.23 ,1239
4000582822,1,8/30/22,1,8/31/22,Home, 191.23 ,1240
4000579787,2,8/23/22,1,8/26/22,Home, 191.23 ,1241
4000572393,2,8/4/22,1,8/8/22,Home, 191.23 ,1242
4000573647,1,8/9/22,1,8/11/22,Home, 191.23 ,1243
4000583795,1,9/1/22,0,,Home, 191.23 ,1244
4000572755,2,8/8/22,1,8/10/22,Home, 191.23 ,1245
4000574422,1,8/10/22,1,8/12/22,Home, 191.23 ,1246
4000580477,1,8/23/22,0,,Home, 191.23 ,1247
4000573700,1,8/9/22,1,8/12/22,Home, 191.23 ,1248
4000580935,2,8/24/22,1,8/29/22,Home, 191.23 ,1249
4000570676,1,8/31/22,0,,Home, 191.23 ,1250
4000575132,1,8/12/22,0,,Home, 191.23 ,1251
4000577540,1,8/17/22,1,8/19/22,Home, 191.23 ,1252
4000582835,1,8/30/22,0,,Home, 191.23 ,1253
4000574525,1,8/11/22,1,8/18/22,Home, 191.23 ,1254
4000584086,1,9/2/22,0,,Home, 191.23 ,1255
4000579356,3,8/22/22,2,8/24/22,Home, 191.23 ,1256
4000580305,1,8/23/22,1,8/26/22,Home, 191.23 ,1257
4000576301,2,8/16/22,1,8/19/22,Home, 191.23 ,1258
4000582885,2,8/30/22,0,,Home, 191.23 ,1259
4000579298,3,8/19/22,1,8/22/22,Home, 191.23 ,1260
4000583828,2,9/2/22,0,,Home, 191.23 ,1261
4000577011,1,8/17/22,1,8/22/22,Home, 191.23 ,1262
4000578027,2,8/18/22,0,,Home, 191.23 ,1263
4000580369,1,8/23/22,0,,Home, 191.23 ,1264
4000572889,2,8/8/22,1,8/10/22,Home, 191.23 ,1265
4000573519,1,8/9/22,0,,Home, 191.23 ,1266
4000577134,2,8/16/22,1,8/24/22,Home, 191.23 ,1267
4000580709,1,8/24/22,0,,Home, 191.23 ,1268
4000578566,1,8/18/22,1,8/21/22,Home, 191.23 ,1269
4000583377,2,9/1/22,0,,Home, 191.23 ,1270
4000580416,1,8/25/22,1,8/27/22,Home, 191.23 ,1271
4000582034,2,8/29/22,0,,Home, 191.23 ,1272
4000583878,1,9/2/22,0,,Home, 191.23 ,1273
4000581039,1,8/25/22,1,8/29/22,Home, 191.23 ,1274
4000579270,1,8/22/22,2,8/24/22,Home, 191.23 ,1275
4000573985,1,8/10/22,1,8/12/22,Home, 191.23 ,1276
4000578955,3,8/19/22,1,8/23/22,Home, 191.23 ,1277
4000573146,1,8/9/22,1,8/11/22,Home, 191.23 ,1278
4000578242,2,8/23/22,1,9/1/22,Home, 191.23 ,1279
4000578519,1,8/18/22,1,8/22/22,Home, 191.23 ,1280
4000583347,2,8/31/22,0,,Home, 191.23 ,1281
4000573291,2,8/9/22,1,8/18/22,Home, 191.23 ,1282
4000574399,3,8/10/22,1,8/16/22,Home, 191.23 ,1283
4000451576,1,8/31/22,0,,Home, 191.23 ,1284
4000576844,1,8/16/22,1,8/22/22,Home, 191.23 ,1285
4000579588,1,8/23/22,0,,Home, 191.23 ,1286
4000574054,1,8/10/22,1,8/12/22,Home, 191.23 ,1287
4000578416,2,8/18/22,1,8/30/22,Home, 191.23 ,1288
4000571854,2,8/2/22,1,8/4/22,Home, 191.23 ,1289
4000582081,2,8/29/22,1,8/30/22,Home, 191.23 ,1290
4000582167,1,8/26/22,1,8/30/22,Home, 191.23 ,1291
4000580150,2,8/23/22,1,8/26/22,Home, 191.23 ,1292
4000574371,1,8/10/22,1,8/16/22,Home, 191.23 ,1293
4000580507,1,8/25/22,1,9/1/22,Home, 191.23 ,1294
4000574141,1,8/10/22,1,8/12/22,Home, 191.23 ,1295
4000583027,2,8/31/22,0,,Home, 191.23 ,1296
4000581118,2,8/26/22,0,,Home, 191.23 ,1297
4000574018,1,8/10/22,1,8/15/22,Home, 191.23 ,1298
4000583433,1,9/1/22,0,,Home, 191.23 ,1299
4000582917,1,8/30/22,0,,Home, 191.23 ,1300
4000577849,2,8/22/22,1,8/25/22,Home, 191.23 ,1301
4000578910,1,8/19/22,1,8/23/22,Home, 191.23 ,1302
4000581747,1,8/26/22,0,,Home, 191.23 ,1303
4000574259,3,8/10/22,1,8/12/22,Home, 191.23 ,1304
4000580736,2,8/24/22,1,8/26/22,Home, 191.23 ,1305
4000579822,1,8/23/22,0,,Home, 191.23 ,1306
4000575036,1,8/12/22,1,8/16/22,Home, 191.23 ,1307
4000579841,1,8/23/22,1,8/26/22,Home, 191.23 ,1308
4000575957,5,8/15/22,1,8/18/22,Home, 191.23 ,1309
4000576243,1,8/16/22,0,,Home, 191.23 ,1310
4000582639,2,8/30/22,1,9/2/22,Home, 191.23 ,1311
4000580013,2,8/23/22,1,8/26/22,Home, 191.23 ,1312
4000578873,1,8/19/22,1,8/23/22,Home, 191.23 ,1313
4000579512,2,8/23/22,1,8/29/22,Home, 191.23 ,1314
4000583334,1,9/1/22,0,,Home, 191.23 ,1315
4000578267,2,8/18/22,1,8/23/22,Home, 191.23 ,1316
4000573977,2,8/10/22,1,8/12/22,Home, 191.23 ,1317
4000576761,1,8/17/22,1,8/23/22,Home, 191.23 ,1318
4000581318,2,8/25/22,1,9/1/22,Home, 191.23 ,1319
4000575028,1,8/11/22,1,8/15/22,Home, 191.23 ,1320
4000573495,1,8/9/22,0,,Home, 191.23 ,1321
4000580374,2,8/22/22,1,8/23/22,Home, 191.23 ,1322
4000582200,1,8/31/22,0,,Home, 191.23 ,1323
4000562305,1,8/9/22,1,8/10/22,Home, 191.23 ,1324
4000583859,1,9/2/22,0,,Home, 191.23 ,1325
4000573119,2,8/8/22,1,8/10/22,Home, 191.23 ,1326
4000576630,2,8/16/22,0,,Home, 191.23 ,1327
4000581437,1,8/25/22,0,,Home, 191.23 ,1328
4000574314,2,8/10/22,1,8/12/22,Home, 191.23 ,1329
4000574578,2,8/11/22,0,,Home, 191.23 ,1330
4000581388,2,8/24/22,1,8/27/22,Home, 191.23 ,1331
4000574364,1,8/10/22,1,8/15/22,Home, 191.23 ,1332
4000580307,1,8/23/22,1,8/26/22,Home, 191.23 ,1333
4000580631,2,8/24/22,1,8/25/22,Home, 191.23 ,1334
4000579823,1,8/23/22,1,8/26/22,Home, 191.23 ,1335
4000576196,2,8/16/22,1,8/18/22,Home, 191.23 ,1336
4000582054,1,8/29/22,1,8/30/22,Home, 191.23 ,1337
4000573573,2,8/8/22,1,8/15/22,Home, 191.23 ,1338
4000580208,2,8/23/22,0,,Home, 191.23 ,1339
4000576386,1,8/18/22,1,8/23/22,Home, 191.23 ,1340
4000579709,2,8/23/22,1,8/26/22,Home, 191.23 ,1341
4000578651,2,8/18/22,1,8/23/22,Home, 191.23 ,1342
4000428152,1,8/9/22,1,8/11/22,Home, 191.23 ,1343
4000583055,2,8/31/22,0,,Home, 191.23 ,1344
4000578558,1,8/17/22,1,8/24/22,Home, 191.23 ,1345
4000578376,2,8/18/22,1,8/26/22,Home, 191.23 ,1346
4000574775,1,8/11/22,1,8/13/22,Home, 191.23 ,1347
4000575380,2,8/12/22,1,8/16/22,Home, 191.23 ,1348
4000582120,1,8/29/22,1,9/1/22,Home, 191.23 ,1349
4000581344,2,8/25/22,1,8/30/22,Home, 191.23 ,1350
4000579094,1,8/23/22,0,,Home, 191.23 ,1351
4000580986,1,8/24/22,1,8/29/22,Home, 191.23 ,1352
4000576556,2,8/16/22,1,8/19/22,Home, 191.23 ,1353
4000581057,1,8/25/22,1,8/27/22,Home, 191.23 ,1354
4000575009,2,8/11/22,1,8/15/22,Home, 191.23 ,1355
4000577896,3,8/17/22,1,8/22/22,Home, 191.23 ,1356
4000573718,1,8/9/22,1,8/12/22,Home, 191.23 ,1357
4000579624,1,8/23/22,1,8/26/22,Home, 191.23 ,1358
4000578824,3,8/19/22,1,8/23/22,Home, 191.23 ,1359
4000574700,2,8/19/22,1,8/22/22,Home, 191.23 ,1360
4000574652,1,8/11/22,1,8/15/22,Home, 191.23 ,1361
4000581406,1,8/25/22,1,8/27/22,Home, 191.23 ,1362
4000577745,1,8/17/22,1,8/18/22,Home, 191.23 ,1363
4000577091,1,8/16/22,1,8/18/22,Home, 191.23 ,1364
4000576344,3,8/16/22,1,8/22/22,Home, 191.23 ,1365
4000581728,1,8/26/22,0,,Home, 191.23 ,1366
4000576925,1,8/16/22,1,8/19/22,Home, 191.23 ,1367
4000582205,1,8/29/22,1,8/31/22,Home, 191.23 ,1368
4000578847,1,8/19/22,1,8/25/22,Home, 191.23 ,1369
4000583198,2,8/31/22,0,,Home, 191.23 ,1370
4000574074,1,8/10/22,1,8/12/22,Home, 191.23 ,1371
4000577176,2,8/18/22,1,8/22/22,Home, 191.23 ,1372
4000576242,1,8/16/22,1,8/18/22,Home, 191.23 ,1373
4000576466,3,8/16/22,1,8/19/22,Home, 191.23 ,1374
4000575838,1,8/16/22,1,8/18/22,Home, 191.23 ,1375
4000576635,3,8/16/22,1,8/19/22,Home, 191.23 ,1376
4000578889,3,8/19/22,1,8/28/22,Home, 191.23 ,1377
4000581228,2,8/31/22,0,,Home, 191.23 ,1378
4000581455,1,8/25/22,0,,Home, 191.23 ,1379
4000583717,2,9/1/22,0,,Home, 191.23 ,1380
4000573280,1,8/9/22,1,8/11/22,Home, 191.23 ,1381
4000575913,1,8/16/22,1,8/18/22,Home, 191.23 ,1382
4000576039,1,8/15/22,0,,Home, 191.23 ,1383
4000578502,2,8/18/22,1,8/23/22,Home, 191.23 ,1384
4000578048,4,8/18/22,1,8/23/22,Home, 191.23 ,1385
4000576759,3,8/16/22,0,,Home, 191.23 ,1386
4000576632,2,8/16/22,1,8/22/22,Home, 191.23 ,1387
4000572981,1,8/8/22,1,8/10/22,Home, 191.23 ,1388
4000580502,2,8/24/22,1,8/27/22,Home, 191.23 ,1389
4000581657,3,8/26/22,1,8/30/22,Home, 191.23 ,1390
4000578713,3,8/19/22,1,8/26/22,Home, 191.23 ,1391
4000579129,1,8/19/22,1,8/24/22,Home, 191.23 ,1392
4000583887,1,9/2/22,0,,Home, 191.23 ,1393
4000572049,1,8/19/22,2,8/23/22,Home, 191.23 ,1394
4000574886,3,8/11/22,1,8/13/22,Home, 191.23 ,1395
4000575844,2,8/15/22,0,,Home, 191.23 ,1396
4000573021,1,8/8/22,1,8/10/22,Home, 191.23 ,1397
4000582431,1,8/30/22,0,,Home, 191.23 ,1398
4000580700,2,8/24/22,1,8/26/22,Home, 191.23 ,1399
4000579371,1,8/23/22,2,8/24/22,Home, 191.23 ,1400
4000577228,1,8/17/22,1,8/19/22,Home, 191.23 ,1401
4000580341,1,8/22/22,1,8/25/22,Home, 191.23 ,1402
4000579850,2,8/23/22,1,8/26/22,Home, 191.23 ,1403
4000582458,1,8/30/22,0,,Home, 191.23 ,1404
4000580680,2,8/24/22,0,,Home, 191.23 ,1405
4000573395,1,8/9/22,0,,Home, 191.23 ,1406
4000582230,1,8/26/22,1,8/29/22,Home, 191.23 ,1407
4000581670,1,8/29/22,0,,Home, 191.23 ,1408
4000581409,1,8/25/22,0,,Home, 191.23 ,1409
4000578864,2,8/19/22,0,,Home, 191.23 ,1410
4000581299,2,8/25/22,1,8/30/22,Home, 191.23 ,1411
4000576725,1,8/18/22,1,8/20/22,Home, 191.23 ,1412
4000582174,2,8/30/22,0,,Home, 191.23 ,1413
4000577260,4,8/17/22,1,8/19/22,Home, 191.23 ,1414
4000579515,1,8/22/22,2,8/24/22,Home, 191.23 ,1415
4000572760,2,8/5/22,1,8/9/22,Home, 191.23 ,1416
4000580683,2,8/24/22,0,,Home, 191.23 ,1417
4000581935,1,8/29/22,1,8/30/22,Home, 191.23 ,1418
4000575655,1,8/15/22,1,8/18/22,Home, 191.23 ,1419
4000579208,1,8/22/22,1,8/24/22,Home, 191.23 ,1420
4000577591,1,8/17/22,1,8/19/22,Home, 191.23 ,1421
4000574159,3,8/10/22,1,8/12/22,Home, 191.23 ,1422
4000584094,1,9/2/22,0,,Home, 191.23 ,1423
4000580253,1,8/23/22,0,,Home, 191.23 ,1424
4000574709,1,8/11/22,0,,Home, 191.23 ,1425
4000583814,2,9/2/22,0,,Home, 191.23 ,1426
4000572792,2,8/5/22,1,8/22/22,Home, 191.23 ,1427
4000581823,1,8/26/22,0,,Home, 191.23 ,1428
4000583599,2,8/31/22,1,9/1/22,Home, 191.23 ,1429
4000582132,2,8/29/22,0,,Home, 191.23 ,1430
4000575121,2,8/12/22,1,8/17/22,Home, 191.23 ,1431
4000572814,2,8/5/22,1,8/9/22,Home, 191.23 ,1432
4000580995,1,8/26/22,1,8/30/22,Home, 191.23 ,1433
4000583324,1,8/31/22,0,,Home, 191.23 ,1434
4000575459,1,8/12/22,1,8/16/22,Home, 191.23 ,1435
4000573014,2,8/8/22,1,8/11/22,Home, 191.23 ,1436
4000583988,1,9/1/22,0,,Home, 191.23 ,1437
4000576643,2,8/23/22,0,,Home, 191.23 ,1438
4000579115,1,8/19/22,0,,Home, 191.23 ,1439
4000576827,1,8/16/22,1,8/19/22,Home, 191.23 ,1440
4000581364,1,8/25/22,1,8/28/22,Home, 191.23 ,1441
4000576256,4,8/16/22,1,8/18/22,Home, 191.23 ,1442
4000573256,1,8/10/22,0,,Home, 191.23 ,1443
4000577923,2,8/17/22,1,8/22/22,Home, 191.23 ,1444
4000573784,1,8/10/22,0,,Home, 191.23 ,1445
4000576737,3,8/16/22,1,8/19/22,Home, 191.23 ,1446
4000575930,1,8/16/22,1,8/18/22,Home, 191.23 ,1447
4000583583,2,9/1/22,0,,Home, 191.23 ,1448
4000577975,2,8/17/22,1,8/24/22,Home, 191.23 ,1449
4000582937,2,8/30/22,0,,Home, 191.23 ,1450
4000579897,1,8/26/22,0,,Home, 191.23 ,1451
4000579806,2,8/23/22,1,8/29/22,Home, 191.23 ,1452
4000580425,2,8/23/22,1,8/29/22,Home, 191.23 ,1453
4000576272,1,8/16/22,1,8/18/22,Home, 191.23 ,1454
4000575797,1,8/15/22,1,8/18/22,Home, 191.23 ,1455
4000582776,1,8/29/22,1,8/30/22,Home, 191.23 ,1456
4000579037,2,8/22/22,1,8/24/22,Home, 191.23 ,1457
4000578861,1,8/19/22,1,8/24/22,Home, 191.23 ,1458
4000573210,1,8/9/22,1,8/11/22,Home, 191.23 ,1459
4000575984,2,8/15/22,1,8/18/22,Home, 191.23 ,1460
4000579733,1,8/23/22,0,,Home, 191.23 ,1461
4000583973,1,9/2/22,0,,Home, 191.23 ,1462
4000576364,2,8/16/22,1,8/19/22,Home, 191.23 ,1463
4000583847,2,9/2/22,0,,Home, 191.23 ,1464
4000578644,2,8/18/22,0,,Home, 191.23 ,1465
4000580599,1,8/24/22,1,8/27/22,Home, 191.23 ,1466
4000577706,2,8/17/22,0,,Home, 191.23 ,1467
4000574945,1,8/10/22,0,,Home, 191.23 ,1468
4000578961,2,8/19/22,1,8/24/22,Home, 191.23 ,1469
4000573747,1,8/9/22,1,8/15/22,Home, 191.23 ,1470
4000578469,1,8/18/22,1,8/20/22,Home, 191.23 ,1471
4000578745,1,8/19/22,2,8/23/22,Home, 191.23 ,1472
4000578694,1,8/22/22,1,8/29/22,Home, 191.23 ,1473
4000574136,1,8/10/22,1,8/22/22,Home, 191.23 ,1474
4000579148,1,8/22/22,1,8/24/22,Home, 191.23 ,1475
4000576028,2,8/12/22,1,8/16/22,Home, 191.23 ,1476
4000571850,1,8/8/22,1,8/10/22,Home, 191.23 ,1477
4000584329,1,9/2/22,0,,Home, 191.23 ,1478
4000574476,1,8/16/22,0,,Home, 191.23 ,1479
4000583437,1,8/31/22,0,,Home, 191.23 ,1480
4000578869,1,8/19/22,1,8/24/22,Home, 191.23 ,1481
4000577516,1,8/17/22,1,8/22/22,Home, 191.23 ,1482
4000581598,2,8/26/22,1,8/30/22,Home, 191.23 ,1483
4000577991,1,8/17/22,0,,Home, 191.23 ,1484
4000576876,2,8/16/22,1,8/22/22,Home, 191.23 ,1485
4000579403,2,8/22/22,2,8/24/22,Home, 191.23 ,1486
4000572208,1,8/3/22,1,8/5/22,Home, 191.23 ,1487
4000576383,1,8/30/22,0,,Home, 191.23 ,1488
4000583881,1,9/2/22,0,,Home, 191.23 ,1489
4000573614,1,8/8/22,1,8/10/22,Home, 191.23 ,1490
4000573672,1,8/11/22,1,8/11/22,Home, 191.23 ,1491
4000583499,2,9/1/22,0,,Home, 191.23 ,1492
4000573896,1,8/11/22,1,8/13/22,Home, 191.23 ,1493
4000574024,2,8/17/22,1,8/25/22,Home, 191.23 ,1494
4000581266,4,8/25/22,1,9/1/22,Home, 191.23 ,1495
4000580586,1,8/24/22,1,8/27/22,Home, 191.23 ,1496
4000580564,2,8/24/22,1,8/30/22,Home, 191.23 ,1497
4000582331,2,8/30/22,0,,Home, 191.23 ,1498
4000579467,4,8/22/22,1,8/25/22,Home, 191.23 ,1499
4000572388,1,8/4/22,1,8/7/22,Home, 191.23 ,1500
4000580503,1,8/25/22,0,,Home, 191.23 ,1501
4000579136,2,8/19/22,1,8/23/22,Home, 191.23 ,1502
4000578044,2,8/18/22,0,,Home, 191.23 ,1503
4000576860,1,8/16/22,1,8/19/22,Home, 191.23 ,1504
4000577103,3,8/16/22,1,8/18/22,Home, 191.23 ,1505
4000583691,2,9/1/22,0,,Home, 191.23 ,1506
4000573314,2,8/9/22,1,8/15/22,Home, 191.23 ,1507
4000581035,2,8/30/22,0,,Home, 191.23 ,1508
4000572412,1,8/4/22,1,8/7/22,Home, 191.23 ,1509
4000580711,1,8/24/22,0,,Home, 191.23 ,1510
4000579275,2,8/23/22,1,8/25/22,Home, 191.23 ,1511
4000578201,2,8/18/22,0,,Home, 191.23 ,1512
4000573034,1,8/8/22,1,8/15/22,Home, 191.23 ,1513
4000576911,1,8/16/22,1,8/19/22,Home, 191.23 ,1514
4000573633,2,8/9/22,1,8/11/22,Home, 191.23 ,1515
4000577671,1,8/17/22,1,8/24/22,Home, 191.23 ,1516
4000572806,1,8/5/22,1,8/9/22,Home, 191.23 ,1517
4000578868,1,8/19/22,1,8/24/22,Home, 191.23 ,1518
4000577614,2,8/17/22,1,8/22/22,Home, 191.23 ,1519
4000576290,1,8/16/22,0,,Home, 191.23 ,1520
4000574067,1,8/10/22,1,8/12/22,Home, 191.23 ,1521
4000574068,1,8/10/22,0,,Home, 191.23 ,1522
4000580417,1,8/22/22,1,8/25/22,Home, 191.23 ,1523
4000582262,2,8/29/22,1,9/1/22,Home, 191.23 ,1524
4000580820,1,8/30/22,1,8/31/22,Home, 191.23 ,1525
4000574646,1,8/11/22,1,8/16/22,Home, 191.23 ,1526
4000576856,1,8/17/22,1,8/22/22,Home, 191.23 ,1527
4000582433,1,8/30/22,0,,Home, 191.23 ,1528
4000583460,1,9/1/22,0,,Home, 191.23 ,1529
4000579616,1,8/23/22,1,8/26/22,Home, 191.23 ,1530
4000577263,1,8/17/22,1,8/19/22,Home, 191.23 ,1531
4000575155,2,8/12/22,0,,Home, 191.23 ,1532
4000577659,2,8/17/22,0,,Home, 191.23 ,1533
4000581360,2,8/25/22,1,8/29/22,Home, 191.23 ,1534
4000581664,1,8/26/22,1,8/30/22,Home, 191.23 ,1535
4000572857,2,8/5/22,1,8/10/22,Home, 191.23 ,1536
4000580373,1,8/22/22,1,8/26/22,Home, 191.23 ,1537
4000577106,1,8/15/22,0,,Home, 191.23 ,1538
4000577433,2,8/17/22,1,8/19/22,Home, 191.23 ,1539
4000576975,2,8/16/22,1,8/23/22,Home, 191.23 ,1540
4000153380,0,,1,8/10/22,Home, 191.23 ,1541
4000572716,1,8/5/22,0,,Home, 191.23 ,1542
4000572904,2,8/19/22,1,8/24/22,Home, 191.23 ,1543
4000573846,1,8/10/22,0,,Home, 191.23 ,1544
4000580971,1,8/24/22,1,8/26/22,Home, 191.23 ,1545
4000573650,1,8/8/22,1,8/10/22,Home, 191.23 ,1546
4000577612,1,8/17/22,1,8/23/22,Home, 191.23 ,1547
4000578520,1,8/17/22,1,8/23/22,Home, 191.23 ,1548
4000578222,2,8/18/22,1,8/20/22,Home, 191.23 ,1549
4000573732,1,8/9/22,1,8/15/22,Home, 191.23 ,1550
4000583476,2,9/1/22,0,,Home, 191.23 ,1551
4000579012,2,8/18/22,1,8/24/22,Home, 191.23 ,1552
4000573206,1,8/15/22,1,8/17/22,Home, 191.23 ,1553
4000574856,2,8/11/22,1,8/15/22,Home, 191.23 ,1554
4000579132,1,8/19/22,0,,Home, 191.23 ,1555
4000579658,1,8/23/22,1,8/26/22,Home, 191.23 ,1556
4000583041,2,8/31/22,0,,Home, 191.23 ,1557
4000578916,1,8/19/22,0,,Home, 191.23 ,1558
4000575473,1,8/12/22,1,8/16/22,Home, 191.23 ,1559
4000582582,1,8/30/22,0,,Home, 191.23 ,1560
4000579114,1,8/19/22,1,8/24/22,Home, 191.23 ,1561
4000577205,2,8/17/22,1,8/19/22,Home, 191.23 ,1562
4000572988,3,8/8/22,1,8/11/22,Home, 191.23 ,1563
4000580865,1,8/25/22,1,8/27/22,Home, 191.23 ,1564
4000575318,1,8/12/22,1,8/17/22,Home, 191.23 ,1565
4000575723,2,8/15/22,1,8/16/22,Home, 191.23 ,1566
4000575474,1,8/12/22,1,8/16/22,Home, 191.23 ,1567
4000574784,1,8/11/22,0,,Home, 191.23 ,1568
4000573408,3,8/9/22,1,8/11/22,Home, 191.23 ,1569
4000580894,1,8/24/22,1,8/26/22,Home, 191.23 ,1570
4000579534,2,8/22/22,1,8/25/22,Home, 191.23 ,1571
4000579766,1,8/23/22,1,8/26/22,Home, 191.23 ,1572
4000580462,2,8/23/22,1,8/26/22,Home, 191.23 ,1573
4000581085,1,8/25/22,1,8/29/22,Home, 191.23 ,1574
4000572618,1,8/10/22,1,8/17/22,Home, 191.23 ,1575
4000574868,3,8/11/22,1,8/16/22,Home, 191.23 ,1576
4000574011,1,8/12/22,0,,Home, 191.23 ,1577
4000573282,1,8/9/22,0,,Home, 191.23 ,1578
4000579655,1,8/23/22,1,8/26/22,Home, 191.23 ,1579
4000575805,1,8/12/22,1,8/12/22,Home, 191.23 ,1580
4000578940,1,8/19/22,1,8/23/22,Home, 191.23 ,1581
4000573714,1,8/9/22,0,,Home, 191.23 ,1582
4000580829,1,8/24/22,0,,Home, 191.23 ,1583
4000578302,3,8/18/22,1,8/23/22,Home, 191.23 ,1584
4000579498,2,8/22/22,2,8/24/22,Home, 191.23 ,1585
4000576757,3,8/17/22,1,8/22/22,Home, 191.23 ,1586
4000573626,1,8/9/22,1,8/18/22,Home, 191.23 ,1587
4000579453,1,8/19/22,1,8/23/22,Home, 191.23 ,1588
4000578481,1,8/17/22,1,8/18/22,Home, 191.23 ,1589
4000575312,1,8/12/22,1,8/18/22,Home, 191.23 ,1590
4000575668,2,8/15/22,1,8/18/22,Home, 191.23 ,1591
4000579773,2,8/23/22,0,,Home, 191.23 ,1592
4000573183,1,8/9/22,1,8/12/22,Home, 191.23 ,1593
4000575000,1,8/10/22,1,8/16/22,Home, 191.23 ,1594
4000583451,1,9/1/22,0,,Home, 191.23 ,1595
4000583482,1,9/1/22,0,,Home, 191.23 ,1596
4000576078,1,8/15/22,1,8/18/22,Home, 191.23 ,1597
4000577581,1,8/16/22,1,8/18/22,Home, 191.23 ,1598
4000573769,1,8/9/22,1,8/11/22,Home, 191.23 ,1599
4000579021,1,8/18/22,1,8/22/22,Home, 191.23 ,1600
4000582992,1,8/29/22,1,8/31/22,Home, 191.23 ,1601
4000575089,2,8/12/22,1,8/16/22,Home, 191.23 ,1602
4000576648,1,8/16/22,1,8/22/22,Home, 191.23 ,1603
4000578770,2,8/19/22,1,8/23/22,Home, 191.23 ,1604
4000572004,1,8/4/22,0,,Home, 191.23 ,1605
4000581372,1,8/25/22,0,,Home, 191.23 ,1606
4000573409,2,8/10/22,1,8/11/22,Home, 191.23 ,1607
4000578141,1,8/26/22,1,8/29/22,Home, 191.23 ,1608
4000576536,2,8/16/22,0,,Home, 191.23 ,1609
4000576262,2,8/16/22,1,8/18/22,Home, 191.23 ,1610
4000582033,1,8/26/22,1,8/30/22,Home, 191.23 ,1611
4000577328,2,8/17/22,0,,Home, 191.23 ,1612
4000574426,1,8/19/22,0,,Home, 191.23 ,1613
4000580224,2,8/23/22,1,8/26/22,Home, 191.23 ,1614
4000577152,1,8/17/22,0,,Home, 191.23 ,1615
4000580286,2,8/23/22,0,,Home, 191.23 ,1616
4000580112,2,8/24/22,1,8/27/22,Home, 191.23 ,1617
4000582415,1,8/30/22,0,,Home, 191.23 ,1618
4000576909,2,8/16/22,1,8/18/22,Home, 191.23 ,1619
4000574799,2,8/11/22,1,8/16/22,Home, 191.23 ,1620
4000578618,2,8/18/22,1,8/26/22,Home, 191.23 ,1621
4000574415,1,8/10/22,1,8/12/22,Home, 191.23 ,1622
4000580572,1,8/24/22,1,8/27/22,Home, 191.23 ,1623
4000577863,1,8/25/22,1,8/30/22,Home, 191.23 ,1624
4000575883,1,8/15/22,1,8/17/22,Home, 191.23 ,1625
4000582070,1,8/29/22,1,8/30/22,Home, 191.23 ,1626
4000577933,5,8/16/22,1,8/22/22,Home, 191.23 ,1627
4000582858,2,8/30/22,0,,Home, 191.23 ,1628
4000577141,1,8/16/22,1,8/22/22,Home, 191.23 ,1629
4000580566,2,8/30/22,0,,Home, 191.23 ,1630
4000577177,2,8/17/22,1,8/24/22,Home, 191.23 ,1631
4000579771,2,8/23/22,1,8/26/22,Home, 191.23 ,1632
4000581374,1,8/25/22,0,,Home, 191.23 ,1633
4000579100,1,8/29/22,1,8/31/22,Home, 191.23 ,1634
4000577644,3,8/17/22,1,8/22/22,Home, 191.23 ,1635
4000572519,1,8/4/22,1,8/8/22,Home, 191.23 ,1636
4000577653,1,8/16/22,1,8/22/22,Home, 191.23 ,1637
4000575663,1,8/16/22,1,8/18/22,Home, 191.23 ,1638
4000583455,1,9/1/22,0,,Home, 191.23 ,1639
4000582925,1,8/30/22,0,,Home, 191.23 ,1640
4000576853,1,8/17/22,0,,Home, 191.23 ,1641
4000575512,1,8/12/22,1,8/18/22,Home, 191.23 ,1642
4000581425,1,8/25/22,1,8/27/22,Home, 191.23 ,1643
4000574750,2,8/11/22,1,8/16/22,Home, 191.23 ,1644
4000575323,3,8/12/22,1,8/16/22,Home, 191.23 ,1645
4000573416,1,8/9/22,1,8/11/22,Home, 191.23 ,1646
4000573428,1,8/9/22,1,8/11/22,Home, 191.23 ,1647
4000573265,1,8/9/22,1,8/16/22,Home, 191.23 ,1648
4000578126,1,8/18/22,0,,Home, 191.23 ,1649
4000576836,1,8/16/22,1,8/19/22,Home, 191.23 ,1650
4000583753,1,9/1/22,0,,Home, 191.23 ,1651
4000579074,1,8/19/22,1,8/24/22,Home, 191.23 ,1652
4000581697,2,8/29/22,1,8/30/22,Home, 191.23 ,1653
4000575395,1,8/12/22,0,,Home, 191.23 ,1654
4000574142,2,8/10/22,1,8/12/22,Home, 191.23 ,1655
4000578132,1,8/21/22,0,,Home, 191.23 ,1656
4000577709,1,8/25/22,1,8/29/22,Home, 191.23 ,1657
4000576154,2,8/16/22,1,8/19/22,Home, 191.23 ,1658
4000580558,1,8/24/22,0,,Home, 191.23 ,1659
4000575489,1,8/12/22,1,8/19/22,Home, 191.23 ,1660
4000580585,1,8/24/22,1,8/27/22,Home, 191.23 ,1661
4000577877,1,8/16/22,1,8/19/22,Home, 191.23 ,1662
4000580715,1,8/23/22,2,8/24/22,Home, 191.23 ,1663
4000575938,3,8/15/22,1,8/18/22,Home, 191.23 ,1664
4000577601,1,8/16/22,0,,Home, 191.23 ,1665
4000580443,1,8/23/22,1,8/26/22,Home, 191.23 ,1666
4000582213,2,8/29/22,1,9/1/22,Home, 191.23 ,1667
4000578894,2,8/19/22,1,8/23/22,Home, 191.23 ,1668
4000574123,1,8/10/22,1,8/12/22,Home, 191.23 ,1669
4000580328,2,8/24/22,0,,Home, 191.23 ,1670
4000580269,1,8/23/22,1,8/29/22,Home, 191.23 ,1671
4000581068,1,8/25/22,0,,Home, 191.23 ,1672
4000581897,2,8/30/22,0,,Home, 191.23 ,1673
4000577730,1,8/17/22,1,8/22/22,Home, 191.23 ,1674
4000579340,1,8/29/22,0,,Home, 191.23 ,1675
4000583576,2,9/1/22,0,,Home, 191.23 ,1676
4000582057,1,8/29/22,1,8/30/22,Home, 191.23 ,1677
4000574852,2,8/11/22,1,8/13/22,Home, 191.23 ,1678
4000577939,1,8/16/22,0,,Home, 191.23 ,1679
4000577533,2,8/17/22,1,8/19/22,Home, 191.23 ,1680
4000582587,1,8/30/22,0,,Home, 191.23 ,1681
4000578913,1,8/19/22,1,8/23/22,Home, 191.23 ,1682
4000581534,3,8/26/22,1,8/30/22,Home, 191.23 ,1683
4000578887,2,8/19/22,1,8/23/22,Home, 191.23 ,1684
4000579656,1,8/23/22,1,8/26/22,Home, 191.23 ,1685
4000580524,2,8/24/22,1,8/27/22,Home, 191.23 ,1686
4000582304,2,8/30/22,0,,Home, 191.23 ,1687
4000583012,2,8/31/22,0,,Home, 191.23 ,1688
4000581817,1,8/26/22,1,9/1/22,Home, 191.23 ,1689
4000580281,3,8/23/22,1,8/30/22,Home, 191.23 ,1690
4000582813,2,8/30/22,0,,Home, 191.23 ,1691
4000582891,2,8/30/22,0,,Home, 191.23 ,1692
4000575415,1,8/11/22,1,8/16/22,Home, 191.23 ,1693
4000577318,2,8/17/22,1,8/19/22,Home, 191.23 ,1694
4000576754,1,8/17/22,0,,Home, 191.23 ,1695
4000578335,2,8/18/22,1,8/25/22,Home, 191.23 ,1696
4000574952,2,8/11/22,1,8/13/22,Home, 191.23 ,1697
4000573073,1,8/8/22,1,8/10/22,Home, 191.23 ,1698
4000580401,2,8/23/22,1,8/25/22,Home, 191.23 ,1699
4000554447,2,8/19/22,1,8/23/22,Home, 191.23 ,1700
4000583378,1,9/1/22,0,,Home, 191.23 ,1701
4000575891,1,8/15/22,1,8/18/22,Home, 191.23 ,1702
4000580400,1,8/25/22,0,,Home, 191.23 ,1703
4000574933,1,8/12/22,1,8/16/22,Home, 191.23 ,1704
4000580274,2,8/23/22,0,,Home, 191.23 ,1705
4000581507,2,8/26/22,1,8/31/22,Home, 191.23 ,1706
4000577616,2,8/17/22,1,8/22/22,Home, 191.23 ,1707
4000574566,1,8/11/22,1,8/15/22,Home, 191.23 ,1708
4000578773,4,8/19/22,1,8/23/22,Home, 191.23 ,1709
4000573194,1,8/10/22,1,8/17/22,Home, 191.23 ,1710
4000579837,1,8/23/22,1,8/26/22,Home, 191.23 ,1711
4000579273,1,8/22/22,0,,Home, 191.23 ,1712
4000572542,1,8/4/22,0,,Home, 191.23 ,1713
4000579772,2,8/23/22,1,8/26/22,Home, 191.23 ,1714
4000572656,1,8/5/22,1,8/8/22,Home, 191.23 ,1715
4000555555,1,8/29/22,1,8/31/22,Home, 191.23 ,1716
4000576612,4,8/16/22,1,8/19/22,Home, 191.23 ,1717
4000582894,2,8/30/22,0,,Home, 191.23 ,1718
4000575750,1,8/15/22,1,8/18/22,Home, 191.23 ,1719
4000583771,1,8/31/22,0,,Home, 191.23 ,1720
4000583063,2,8/31/22,0,,Home, 191.23 ,1721
4000574562,2,8/11/22,1,8/13/22,Home, 191.23 ,1722
4000584023,1,9/2/22,0,,Home, 191.23 ,1723
4000581623,2,8/26/22,0,,Home, 191.23 ,1724
4000581385,1,8/24/22,1,8/27/22,Home, 191.23 ,1725
4000574229,1,8/18/22,1,8/23/22,Home, 191.23 ,1726
4000582971,1,8/30/22,0,,Home, 191.23 ,1727
4000571962,2,8/5/22,1,8/8/22,Home, 191.23 ,1728
4000575232,2,8/12/22,1,8/16/22,Home, 191.23 ,1729
4000576291,1,8/16/22,1,8/18/22,Home, 191.23 ,1730
4000583244,1,9/1/22,0,,Home, 191.23 ,1731
4000581656,2,8/26/22,1,8/30/22,Home, 191.23 ,1732
4000583399,1,8/31/22,0,,Home, 191.23 ,1733
4000576460,3,8/16/22,1,8/19/22,Home, 191.23 ,1734
4000575010,1,8/11/22,1,8/13/22,Home, 191.23 ,1735
4000576388,2,8/16/22,1,8/19/22,Home, 191.23 ,1736
4000577079,2,8/16/22,1,8/19/22,Home, 191.23 ,1737
4000574149,2,8/10/22,0,,Home, 191.23 ,1738
4000576347,2,8/16/22,1,8/19/22,Home, 191.23 ,1739
4000581077,1,8/25/22,1,8/29/22,Home, 191.23 ,1740
4000582595,1,8/30/22,0,,Home, 191.23 ,1741
4000579994,2,8/23/22,1,8/26/22,Home, 191.23 ,1742
4000572551,2,8/4/22,1,8/7/22,Home, 191.23 ,1743
4000583664,1,9/2/22,0,,Home, 191.23 ,1744
4000577860,1,8/17/22,1,8/20/22,Home, 191.23 ,1745
4000572171,1,8/3/22,1,8/9/22,Home, 191.23 ,1746
4000577635,2,8/17/22,0,,Home, 191.23 ,1747
4000578924,1,8/19/22,1,8/30/22,Home, 191.23 ,1748
4000580577,2,8/24/22,0,,Home, 191.23 ,1749
4000581834,1,8/26/22,1,8/30/22,Home, 191.23 ,1750
4000583649,1,9/2/22,0,,Home, 191.23 ,1751
4000579519,1,8/22/22,0,,Home, 191.23 ,1752
4000574725,1,8/11/22,1,8/15/22,Home, 191.23 ,1753
4000579124,1,8/19/22,1,8/23/22,Home, 191.23 ,1754
4000578972,1,8/19/22,1,8/23/22,Home, 191.23 ,1755
4000574239,1,8/10/22,1,8/11/22,Home, 191.23 ,1756
4000581394,1,8/25/22,1,8/29/22,Home, 191.23 ,1757
4000579362,2,8/22/22,1,8/25/22,Home, 191.23 ,1758
4000578024,3,8/18/22,1,8/23/22,Home, 191.23 ,1759
4000581436,2,8/25/22,0,,Home, 191.23 ,1760
4000583333,1,8/31/22,0,,Home, 191.23 ,1761
4000580636,2,8/26/22,0,,Home, 191.23 ,1762
4000580193,6,8/23/22,1,8/26/22,Home, 191.23 ,1763
4000578662,1,8/18/22,1,8/23/22,Home, 191.23 ,1764
4000576333,1,8/16/22,0,,Home, 191.23 ,1765
4000573948,1,8/10/22,1,8/12/22,Home, 191.23 ,1766
4000573013,1,8/8/22,1,8/10/22,Home, 191.23 ,1767
4000577243,3,8/17/22,0,,Home, 191.23 ,1768
4000581763,2,8/25/22,1,8/31/22,Home, 191.23 ,1769
4000574539,2,8/11/22,0,,Home, 191.23 ,1770
4000576709,2,8/16/22,1,8/19/22,Home, 191.23 ,1771
4000574086,1,8/10/22,1,8/12/22,Home, 191.23 ,1772
4000579027,2,8/18/22,1,8/22/22,Home, 191.23 ,1773
4000578363,3,8/18/22,1,8/22/22,Home, 191.23 ,1774
4000582328,2,8/30/22,0,,Home, 191.23 ,1775
4000577017,3,8/16/22,1,8/23/22,Home, 191.23 ,1776
4000575956,2,8/15/22,0,,Home, 191.23 ,1777
4000572633,1,8/5/22,1,8/8/22,Home, 191.23 ,1778
4000573645,1,8/9/22,0,,Home, 191.23 ,1779
4000581427,1,8/25/22,1,8/28/22,Home, 191.23 ,1780
4000579758,2,8/23/22,0,,Home, 191.23 ,1781
4000581064,1,8/25/22,0,,Home, 191.23 ,1782
4000583637,1,9/1/22,0,,Home, 191.23 ,1783
4000575933,2,8/15/22,1,8/18/22,Home, 191.23 ,1784
4000577827,2,8/17/22,1,8/22/22,Home, 191.23 ,1785
4000568512,4,8/31/22,0,,Home, 191.23 ,1786
4000578107,3,8/18/22,1,8/23/22,Home, 191.23 ,1787
4000581438,2,8/25/22,1,8/31/22,Home, 191.23 ,1788
4000574396,1,8/17/22,0,,Home, 191.23 ,1789
4000576157,1,8/16/22,1,8/18/22,Home, 191.23 ,1790
4000576716,2,8/16/22,1,8/19/22,Home, 191.23 ,1791
4000581292,2,8/25/22,1,9/1/22,Home, 191.23 ,1792
4000574831,2,8/11/22,1,8/15/22,Home, 191.23 ,1793
4000575046,1,8/11/22,1,8/15/22,Home, 191.23 ,1794
4000576821,1,8/17/22,1,8/18/22,Home, 191.23 ,1795
4000574874,1,8/16/22,1,8/18/22,Home, 191.23 ,1796
4000578513,1,8/17/22,1,8/23/22,Home, 191.23 ,1797
4000582636,3,8/30/22,1,9/1/22,Home, 191.23 ,1798
4000575040,1,9/1/22,0,,Home, 191.23 ,1799
4000579047,1,8/19/22,1,8/24/22,Home, 191.23 ,1800
4000576603,2,8/16/22,1,8/22/22,Home, 191.23 ,1801
4000583868,1,9/2/22,0,,Home, 191.23 ,1802
4000579089,2,8/23/22,1,8/29/22,Home, 191.23 ,1803
4000579154,1,8/22/22,1,8/24/22,Home, 191.23 ,1804
4000582692,1,8/30/22,0,,Home, 191.23 ,1805
4000577953,1,8/17/22,1,8/22/22,Home, 191.23 ,1806
4000580987,1,8/25/22,1,8/29/22,Home, 191.23 ,1807
4000579019,3,8/19/22,1,8/23/22,Home, 191.23 ,1808
4000578013,3,8/18/22,1,8/22/22,Home, 191.23 ,1809
4000576002,2,8/23/22,1,8/25/22,Home, 191.23 ,1810