{
    "reportTitle": "RER-Rocket Team - Monthly Report",
    "reportDatePeriod":"11/23/2020 - 12/22/2020",
    "contractNumber":"73351019D0001",
    "taskOrder":"73351020F0126",
    "contractingRepresentative":"Mr. Eric Wall, Contracting Officer's Representative",
    "contractingOfficer":"Tracey Lambert, Contracting Officer",
    "addressTitle":"U.S. Small Business Administration",
    "addressSubTitle":"Office of Disaster Assistance",
    "addressStreet":"409 3rd Street, SW",
    "addressCityStateZip":"Washington, DC 20416",
    "totalNumberOfUniqueLoanApplicationsProcessed":"3,520",
    "totalLvPdfProcessesCompleted":"3,519",
    "totalLoDashboardApplicationProcessesCompleted":"320",
    "totalDunAndBradstreetReports":"75",
    "tierOnePerLoanFee":"$180.25",
    "tierOneTotal":"$634,480.00",
    "tierTwoPerLoanFee":"$175.10",
    "tierTwoTotal":"$0.00",
    "tierThreePerLoanFee":"$169.95",
    "tierThreeTotal":"$0.00",
    "jointAplicantLoansProcessedPerLoanFee":"$20.00",
    "jointAplicantLoansProcessedTotal":"$0.00",
    "businessLoansPerLoanFee":"$425.00",
    "businessLoansTotal":"$0.00",
    "dunAndBradstreetReportPerLoanFee":"$20.63",
    "dunAndBradstreetReportTotal":"$1,547.25",
    "monthlyProcessingFeesTotal":"$636,027.25",
    "oneTimeProcessingFeeDiscountPercentage":"0%",
    "oneTimeProcessingFeeDiscountTotal":"$0.00",
    "addOnLoanProcessingFeesDiscountTotal":"$1,547.25",
    "monthlyFixedFee":"$160,000",
    "totalMonthlyFee":"$794,480",
    "data": [
        {
            "applicationCount":"1",
            "applicationNumber":"2001478922",
            "applicationType":"Home",
            "lvPdfProcessedCount":"1",
            "lvPdfGenerationDate":"11/24/2020",
            "loDashboardProcessedCount":"0",
            "loDashboardProcessingDate":"",
            "processingFee":"$180.25"
        },
        {
            "applicationCount":"1",
            "applicationNumber":"2001478922",
            "applicationType":"Home",
            "lvPdfProcessedCount":"1",
            "lvPdfGenerationDate":"11/24/2020",
            "loDashboardProcessedCount":"0",
            "loDashboardProcessingDate":"",
            "processingFee":"$180.25"
        },
        {
            "applicationCount":"1",
            "applicationNumber":"2001478922",
            "applicationType":"Home",
            "lvPdfProcessedCount":"1",
            "lvPdfGenerationDate":"11/24/2020",
            "loDashboardProcessedCount":"0",
            "loDashboardProcessingDate":"",
            "processingFee":"$180.25"
        },
        {
            "applicationCount":"1",
            "applicationNumber":"2001478922",
            "applicationType":"Home",
            "lvPdfProcessedCount":"1",
            "lvPdfGenerationDate":"11/24/2020",
            "loDashboardProcessedCount":"0",
            "loDashboardProcessingDate":"",
            "processingFee":"$180.25"
        },
        {
            "applicationCount":"1",
            "applicationNumber":"2001478922",
            "applicationType":"Home",
            "lvPdfProcessedCount":"1",
            "lvPdfGenerationDate":"11/24/2020",
            "loDashboardProcessedCount":"0",
            "loDashboardProcessingDate":"",
            "processingFee":"$180.25"
        },
        {
            "applicationCount":"1",
            "applicationNumber":"2001478922",
            "applicationType":"Home",
            "lvPdfProcessedCount":"1",
            "lvPdfGenerationDate":"11/24/2020",
            "loDashboardProcessedCount":"0",
            "loDashboardProcessingDate":"",
            "processingFee":"$180.25"
        },
        {
            "applicationCount":"1",
            "applicationNumber":"2001478922",
            "applicationType":"Home",
            "lvPdfProcessedCount":"1",
            "lvPdfGenerationDate":"11/24/2020",
            "loDashboardProcessedCount":"0",
            "loDashboardProcessingDate":"",
            "processingFee":"$180.25"
        },
        {
            "applicationCount":"1",
            "applicationNumber":"2001478922",
            "applicationType":"Home",
            "lvPdfProcessedCount":"1",
            "lvPdfGenerationDate":"11/24/2020",
            "loDashboardProcessedCount":"0",
            "loDashboardProcessingDate":"",
            "processingFee":"$180.25"
        },
        {
            "applicationCount":"1",
            "applicationNumber":"2001478922",
            "applicationType":"Home",
            "lvPdfProcessedCount":"1",
            "lvPdfGenerationDate":"11/24/2020",
            "loDashboardProcessedCount":"0",
            "loDashboardProcessingDate":"",
            "processingFee":"$180.25"
        },
        {
            "applicationCount":"1",
            "applicationNumber":"2001478922",
            "applicationType":"Home",
            "lvPdfProcessedCount":"1",
            "lvPdfGenerationDate":"11/24/2020",
            "loDashboardProcessedCount":"0",
            "loDashboardProcessingDate":"",
            "processingFee":"$180.25"
        },
        {
            "applicationCount":"1",
            "applicationNumber":"2001478922",
            "applicationType":"Home",
            "lvPdfProcessedCount":"1",
            "lvPdfGenerationDate":"11/24/2020",
            "loDashboardProcessedCount":"0",
            "loDashboardProcessingDate":"",
            "processingFee":"$180.25"
        },
        {
            "applicationCount":"1",
            "applicationNumber":"2001478922",
            "applicationType":"Home",
            "lvPdfProcessedCount":"1",
            "lvPdfGenerationDate":"11/24/2020",
            "loDashboardProcessedCount":"0",
            "loDashboardProcessingDate":"",
            "processingFee":"$180.25"
        },
        {
            "applicationCount":"1",
            "applicationNumber":"2001478922",
            "applicationType":"Home",
            "lvPdfProcessedCount":"1",
            "lvPdfGenerationDate":"11/24/2020",
            "loDashboardProcessedCount":"0",
            "loDashboardProcessingDate":"",
            "processingFee":"$180.25"
        },
        {
            "applicationCount":"1",
            "applicationNumber":"2001478922",
            "applicationType":"Home",
            "lvPdfProcessedCount":"1",
            "lvPdfGenerationDate":"11/24/2020",
            "loDashboardProcessedCount":"0",
            "loDashboardProcessingDate":"",
            "processingFee":"$180.25"
        },
        {
            "applicationCount":"1",
            "applicationNumber":"2001478922",
            "applicationType":"Home",
            "lvPdfProcessedCount":"1",
            "lvPdfGenerationDate":"11/24/2020",
            "loDashboardProcessedCount":"0",
            "loDashboardProcessingDate":"",
            "processingFee":"$180.25"
        },
        {
            "applicationCount":"1",
            "applicationNumber":"2001478922",
            "applicationType":"Home",
            "lvPdfProcessedCount":"1",
            "lvPdfGenerationDate":"11/24/2020",
            "loDashboardProcessedCount":"0",
            "loDashboardProcessingDate":"",
            "processingFee":"$180.25"
        },
        {
            "applicationCount":"1",
            "applicationNumber":"2001478922",
            "applicationType":"Home",
            "lvPdfProcessedCount":"1",
            "lvPdfGenerationDate":"11/24/2020",
            "loDashboardProcessedCount":"0",
            "loDashboardProcessingDate":"",
            "processingFee":"$180.25"
        },
        {
            "applicationCount":"1",
            "applicationNumber":"2001478922",
            "applicationType":"Home",
            "lvPdfProcessedCount":"1",
            "lvPdfGenerationDate":"11/24/2020",
            "loDashboardProcessedCount":"0",
            "loDashboardProcessingDate":"",
            "processingFee":"$180.25"
        },
        {
            "applicationCount":"1",
            "applicationNumber":"2001478922",
            "applicationType":"Home",
            "lvPdfProcessedCount":"1",
            "lvPdfGenerationDate":"11/24/2020",
            "loDashboardProcessedCount":"0",
            "loDashboardProcessingDate":"",
            "processingFee":"$180.25"
        },
        {
            "applicationCount":"1",
            "applicationNumber":"2001478922",
            "applicationType":"Home",
            "lvPdfProcessedCount":"1",
            "lvPdfGenerationDate":"11/24/2020",
            "loDashboardProcessedCount":"0",
            "loDashboardProcessingDate":"",
            "processingFee":"$180.25"
        },
        {
            "applicationCount":"1",
            "applicationNumber":"2001478922",
            "applicationType":"Home",
            "lvPdfProcessedCount":"1",
            "lvPdfGenerationDate":"11/24/2020",
            "loDashboardProcessedCount":"0",
            "loDashboardProcessingDate":"",
            "processingFee":"$180.25"
        },
        {
            "applicationCount":"1",
            "applicationNumber":"2001478922",
            "applicationType":"Home",
            "lvPdfProcessedCount":"1",
            "lvPdfGenerationDate":"11/24/2020",
            "loDashboardProcessedCount":"0",
            "loDashboardProcessingDate":"",
            "processingFee":"$180.25"
        },
        {
            "applicationCount":"1",
            "applicationNumber":"2001478922",
            "applicationType":"Home",
            "lvPdfProcessedCount":"1",
            "lvPdfGenerationDate":"11/24/2020",
            "loDashboardProcessedCount":"0",
            "loDashboardProcessingDate":"",
            "processingFee":"$180.25"
        },
        {
            "applicationCount":"1",
            "applicationNumber":"2001478922",
            "applicationType":"Home",
            "lvPdfProcessedCount":"1",
            "lvPdfGenerationDate":"11/24/2020",
            "loDashboardProcessedCount":"0",
            "loDashboardProcessingDate":"",
            "processingFee":"$180.25"
        },
        {
            "applicationCount":"1",
            "applicationNumber":"2001478922",
            "applicationType":"Home",
            "lvPdfProcessedCount":"1",
            "lvPdfGenerationDate":"11/24/2020",
            "loDashboardProcessedCount":"0",
            "loDashboardProcessingDate":"",
            "processingFee":"$180.25"
        },
        {
            "applicationCount":"1",
            "applicationNumber":"2001478922",
            "applicationType":"Home",
            "lvPdfProcessedCount":"1",
            "lvPdfGenerationDate":"11/24/2020",
            "loDashboardProcessedCount":"0",
            "loDashboardProcessingDate":"",
            "processingFee":"$180.25"
        },
        {
            "applicationCount":"1",
            "applicationNumber":"2001478922",
            "applicationType":"Home",
            "lvPdfProcessedCount":"1",
            "lvPdfGenerationDate":"11/24/2020",
            "loDashboardProcessedCount":"0",
            "loDashboardProcessingDate":"",
            "processingFee":"$180.25"
        },
        {
            "applicationCount":"1",
            "applicationNumber":"2001478922",
            "applicationType":"Home",
            "lvPdfProcessedCount":"1",
            "lvPdfGenerationDate":"11/24/2020",
            "loDashboardProcessedCount":"0",
            "loDashboardProcessingDate":"",
            "processingFee":"$180.25"
        },
        {
            "applicationCount":"1",
            "applicationNumber":"2001478922",
            "applicationType":"Home",
            "lvPdfProcessedCount":"1",
            "lvPdfGenerationDate":"11/24/2020",
            "loDashboardProcessedCount":"0",
            "loDashboardProcessingDate":"",
            "processingFee":"$180.25"
        },
        {
            "applicationCount":"1",
            "applicationNumber":"2001478922",
            "applicationType":"Home",
            "lvPdfProcessedCount":"1",
            "lvPdfGenerationDate":"11/24/2020",
            "loDashboardProcessedCount":"0",
            "loDashboardProcessingDate":"",
            "processingFee":"$180.25"
        },
        {
            "applicationCount":"1",
            "applicationNumber":"2001478922",
            "applicationType":"Home",
            "lvPdfProcessedCount":"1",
            "lvPdfGenerationDate":"11/24/2020",
            "loDashboardProcessedCount":"0",
            "loDashboardProcessingDate":"",
            "processingFee":"$180.25"
        },
        {
            "applicationCount":"1",
            "applicationNumber":"2001478922",
            "applicationType":"Home",
            "lvPdfProcessedCount":"1",
            "lvPdfGenerationDate":"11/24/2020",
            "loDashboardProcessedCount":"0",
            "loDashboardProcessingDate":"",
            "processingFee":"$180.25"
        },
        {
            "applicationCount":"1",
            "applicationNumber":"2001478922",
            "applicationType":"Home",
            "lvPdfProcessedCount":"1",
            "lvPdfGenerationDate":"11/24/2020",
            "loDashboardProcessedCount":"0",
            "loDashboardProcessingDate":"",
            "processingFee":"$180.25"
        },
        {
            "applicationCount":"1",
            "applicationNumber":"2001478922",
            "applicationType":"Home",
            "lvPdfProcessedCount":"1",
            "lvPdfGenerationDate":"11/24/2020",
            "loDashboardProcessedCount":"0",
            "loDashboardProcessingDate":"",
            "processingFee":"$180.25"
        },
        {
            "applicationCount":"1",
            "applicationNumber":"2001478922",
            "applicationType":"Home",
            "lvPdfProcessedCount":"1",
            "lvPdfGenerationDate":"11/24/2020",
            "loDashboardProcessedCount":"0",
            "loDashboardProcessingDate":"",
            "processingFee":"$180.25"
        },
        {
            "applicationCount":"1",
            "applicationNumber":"2001478922",
            "applicationType":"Home",
            "lvPdfProcessedCount":"1",
            "lvPdfGenerationDate":"11/24/2020",
            "loDashboardProcessedCount":"0",
            "loDashboardProcessingDate":"",
            "processingFee":"$180.25"
        },
        {
            "applicationCount":"1",
            "applicationNumber":"2001478922",
            "applicationType":"Home",
            "lvPdfProcessedCount":"1",
            "lvPdfGenerationDate":"11/24/2020",
            "loDashboardProcessedCount":"0",
            "loDashboardProcessingDate":"",
            "processingFee":"$180.25"
        },
        {
            "applicationCount":"1",
            "applicationNumber":"2001478922",
            "applicationType":"Home",
            "lvPdfProcessedCount":"1",
            "lvPdfGenerationDate":"11/24/2020",
            "loDashboardProcessedCount":"0",
            "loDashboardProcessingDate":"",
            "processingFee":"$180.25"
        },
        {
            "applicationCount":"1",
            "applicationNumber":"2001478922",
            "applicationType":"Home",
            "lvPdfProcessedCount":"1",
            "lvPdfGenerationDate":"11/24/2020",
            "loDashboardProcessedCount":"0",
            "loDashboardProcessingDate":"",
            "processingFee":"$180.25"
        },
        {
            "applicationCount":"1",
            "applicationNumber":"2001478922",
            "applicationType":"Home",
            "lvPdfProcessedCount":"1",
            "lvPdfGenerationDate":"11/24/2020",
            "loDashboardProcessedCount":"0",
            "loDashboardProcessingDate":"",
            "processingFee":"$180.25"
        },
        {
            "applicationCount":"1",
            "applicationNumber":"2001478922",
            "applicationType":"Home",
            "lvPdfProcessedCount":"1",
            "lvPdfGenerationDate":"11/24/2020",
            "loDashboardProcessedCount":"0",
            "loDashboardProcessingDate":"",
            "processingFee":"$180.25"
        },
        {
            "applicationCount":"1",
            "applicationNumber":"2001478922",
            "applicationType":"Home",
            "lvPdfProcessedCount":"1",
            "lvPdfGenerationDate":"11/24/2020",
            "loDashboardProcessedCount":"0",
            "loDashboardProcessingDate":"",
            "processingFee":"$180.25"
        },
        {
            "applicationCount":"1",
            "applicationNumber":"2001478922",
            "applicationType":"Home",
            "lvPdfProcessedCount":"1",
            "lvPdfGenerationDate":"11/24/2020",
            "loDashboardProcessedCount":"0",
            "loDashboardProcessingDate":"",
            "processingFee":"$180.25"
        },
        {
            "applicationCount":"1",
            "applicationNumber":"2001478922",
            "applicationType":"Home",
            "lvPdfProcessedCount":"1",
            "lvPdfGenerationDate":"11/24/2020",
            "loDashboardProcessedCount":"0",
            "loDashboardProcessingDate":"",
            "processingFee":"$180.25"
        },
        {
            "applicationCount":"1",
            "applicationNumber":"2001478922",
            "applicationType":"Home",
            "lvPdfProcessedCount":"1",
            "lvPdfGenerationDate":"11/24/2020",
            "loDashboardProcessedCount":"0",
            "loDashboardProcessingDate":"",
            "processingFee":"$180.25"
        },
        {
            "applicationCount":"1",
            "applicationNumber":"2001478922",
            "applicationType":"Home",
            "lvPdfProcessedCount":"1",
            "lvPdfGenerationDate":"11/24/2020",
            "loDashboardProcessedCount":"0",
            "loDashboardProcessingDate":"",
            "processingFee":"$180.25"
        },
        {
            "applicationCount":"1",
            "applicationNumber":"2001478922",
            "applicationType":"Home",
            "lvPdfProcessedCount":"1",
            "lvPdfGenerationDate":"11/24/2020",
            "loDashboardProcessedCount":"0",
            "loDashboardProcessingDate":"",
            "processingFee":"$180.25"
        },
        {
            "applicationCount":"1",
            "applicationNumber":"2001478922",
            "applicationType":"Home",
            "lvPdfProcessedCount":"1",
            "lvPdfGenerationDate":"11/24/2020",
            "loDashboardProcessedCount":"0",
            "loDashboardProcessingDate":"",
            "processingFee":"$180.25"
        },
        {
            "applicationCount":"1",
            "applicationNumber":"2001478922",
            "applicationType":"Home",
            "lvPdfProcessedCount":"1",
            "lvPdfGenerationDate":"11/24/2020",
            "loDashboardProcessedCount":"0",
            "loDashboardProcessingDate":"",
            "processingFee":"$180.25"
        },
        {
            "applicationCount":"1",
            "applicationNumber":"2001478922",
            "applicationType":"Home",
            "lvPdfProcessedCount":"1",
            "lvPdfGenerationDate":"11/24/2020",
            "loDashboardProcessedCount":"0",
            "loDashboardProcessingDate":"",
            "processingFee":"$180.25"
        },
        {
            "applicationCount":"1",
            "applicationNumber":"2001478922",
            "applicationType":"Home",
            "lvPdfProcessedCount":"1",
            "lvPdfGenerationDate":"11/24/2020",
            "loDashboardProcessedCount":"0",
            "loDashboardProcessingDate":"",
            "processingFee":"$180.25"
        },
        {
            "applicationCount":"1",
            "applicationNumber":"2001478922",
            "applicationType":"Home",
            "lvPdfProcessedCount":"1",
            "lvPdfGenerationDate":"11/24/2020",
            "loDashboardProcessedCount":"0",
            "loDashboardProcessingDate":"",
            "processingFee":"$180.25"
        },
        {
            "applicationCount":"1",
            "applicationNumber":"2001478922",
            "applicationType":"Home",
            "lvPdfProcessedCount":"1",
            "lvPdfGenerationDate":"11/24/2020",
            "loDashboardProcessedCount":"0",
            "loDashboardProcessingDate":"",
            "processingFee":"$180.25"
        }
    ]
}